OrdID,SaleDt,ProdKey,CustKey,ChnlNm,QtySold,NetAmt,CostAmt,DiscAmt
100000,2024-01-01,1,1,Online,1,26.00,14.82,0.00
100000,2024-07-30,18,30,Retail,2,389.79,288.90,68.79
100000,2025-02-26,35,59,Partner,3,1484.80,907.36,164.98
100001,2025-09-25,12,28,Online,4,841.76,575.94,44.30
100001,2026-04-24,29,57,Retail,5,2685.23,1530.55,0.00
100001,2024-04-25,6,26,Partner,6,511.17,402.92,90.21
100002,2024-11-22,23,55,Online,7,2911.46,1908.57,323.50
100002,2025-06-21,40,24,Retail,8,162.41,111.13,8.55
100002,2026-01-18,17,53,Partner,9,2273.43,1386.75,0.00
100003,2024-01-20,34,22,Online,10,3053.52,2406.90,538.86
100003,2024-08-18,11,51,Retail,11,1730.93,1211.59,192.33
100003,2025-03-17,28,20,Partner,12,5108.49,2957.55,268.87
100004,2025-10-14,5,49,Online,1,108.25,70.36,0.00
100004,2026-05-13,22,18,Retail,2,708.69,475.24,125.06
100004,2024-05-14,39,47,Partner,3,1458.15,1020.69,162.02
100005,2024-12-11,16,16,Online,4,1509.81,937.67,79.46
100005,2025-07-10,33,45,Retail,5,2327.38,1512.77,0.00
100005,2026-02-06,10,14,Partner,6,1011.03,725.56,178.42
100006,2024-02-08,27,43,Online,7,2293.22,1707.14,254.80
100006,2024-09-06,4,12,Retail,8,595.42,394.85,31.34
100006,2025-04-05,21,41,Partner,9,3102.39,1706.37,0.00
100007,2025-11-02,38,10,Online,10,7226.76,5186.26,1275.31
100007,2026-06-01,15,39,Retail,11,2483.38,1572.87,275.93
100007,2024-06-02,32,8,Partner,12,4367.89,2896.60,229.89
100008,2024-12-30,9,37,Online,1,241.16,142.30,0.00
100008,2025-07-29,26,6,Retail,2,635.75,486.16,112.19
100008,2026-02-25,3,35,Partner,3,213.67,144.84,23.74
100009,2024-02-27,20,4,Online,4,1054.00,743.35,55.47
100009,2024-09-25,37,33,Retail,5,2722.02,1606.02,0.00
100009,2025-04-24,14,2,Partner,6,1222.55,791.06,215.74
100010,2025-11-21,31,31,Online,7,4439.84,3009.29,493.32
100010,2026-06-20,8,60,Retail,8,1109.57,665.74,58.40
100010,2024-06-21,25,29,Partner,9,2753.07,1734.47,0.00
100011,2025-01-18,2,58,Online,10,362.11,251.34,63.90
100011,2025-08-17,19,27,Retail,11,3274.16,2364.74,363.80
100011,2026-03-16,36,56,Partner,12,7422.83,4453.70,390.68
100012,2024-03-17,13,25,Online,1,189.14,126.73,0.00
100012,2024-10-14,30,54,Retail,2,763.76,530.14,134.78
100012,2025-05-13,7,23,Partner,3,359.45,219.64,39.94
100013,2025-12-10,24,52,Online,4,2524.53,1621.01,132.87
100013,2026-07-09,1,21,Retail,5,198.96,113.38,0.00
100013,2024-07-10,18,50,Partner,6,1159.19,859.16,204.56
100014,2025-02-06,35,19,Online,7,3436.93,2100.30,381.88
100014,2025-09-05,12,48,Retail,8,1671.15,1143.42,87.96
100014,2026-04-04,29,17,Partner,9,4800.46,2736.20,0.00
100015,2024-04-05,6,46,Online,10,844.22,665.45,148.98
100015,2024-11-02,23,15,Retail,11,4537.26,2974.34,504.14
100015,2025-06-01,40,44,Partner,12,241.77,165.42,12.72
100016,2025-12-29,17,13,Online,1,485.97,296.43,0.00
100016,2026-07-28,34,42,Retail,2,932.08,734.70,164.48
100016,2024-07-29,11,11,Partner,3,397.80,278.45,44.20
100017,2025-02-25,28,40,Online,4,1689.37,978.06,88.91
100017,2025-09-24,5,9,Retail,5,537.30,349.21,0.00
100017,2026-04-23,22,38,Partner,6,2111.66,1416.06,372.65
100018,2024-04-24,39,7,Online,7,3371.74,2360.18,374.64
100018,2024-11-21,16,36,Retail,8,2511.78,1559.95,132.20
100018,2025-06-20,33,5,Partner,9,4157.60,2702.39,0.00
100019,2026-01-17,10,34,Online,10,1338.60,960.64,236.22
100019,2024-01-19,27,3,Retail,11,2855.80,2125.94,317.31
100019,2024-08-17,4,32,Partner,12,885.48,587.21,46.60
100020,2025-03-16,21,1,Online,1,342.01,188.11,0.00
100020,2025-10-13,38,30,Retail,2,1103.75,792.10,194.78
100020,2026-05-12,15,59,Partner,3,791.44,501.27,87.94
100021,2024-05-13,32,28,Online,4,1697.62,1125.79,89.35
100021,2024-12-10,9,57,Retail,5,1195.98,705.67,0.00
100021,2025-07-09,26,26,Partner,6,1892.94,1447.54,334.05
100022,2026-02-05,3,55,Online,7,495.09,335.61,55.01
100022,2024-02-07,20,24,Retail,8,2088.35,1472.83,109.91
100022,2024-09-05,37,53,Partner,9,4858.06,2866.30,0.00
100023,2025-04-04,14,22,Online,10,2021.71,1308.16,356.77
100023,2025-11-01,31,51,Retail,11,6926.68,4694.84,769.63
100023,2026-05-31,8,20,Partner,12,1944.96,1166.98,102.37
100024,2024-06-01,25,49,Online,1,303.19,191.01,0.00
100024,2024-12-29,2,18,Retail,2,139.18,96.61,24.56
100024,2025-07-28,19,47,Partner,3,753.35,544.10,83.71
100025,2026-02-24,36,16,Online,4,2457.18,1474.30,129.33
100025,2024-02-26,13,45,Retail,5,936.96,627.79,0.00
100025,2024-09-24,30,14,Partner,6,2271.99,1577.03,400.94
100026,2025-04-23,7,43,Online,7,832.22,508.54,92.47
100026,2025-11-20,24,12,Retail,8,4204.42,2699.68,221.29
100026,2026-06-19,1,41,Partner,9,355.75,202.72,0.00
100027,2024-06-20,18,10,Online,10,1915.03,1419.38,337.95
100027,2025-01-17,35,39,Retail,11,4286.02,2619.18,476.22
100027,2025-08-16,12,8,Partner,12,2488.17,1702.43,130.96
100028,2026-03-15,29,37,Online,1,529.72,301.93,0.00
100028,2024-03-16,6,6,Retail,2,167.30,131.87,29.52
100028,2024-10-13,23,35,Partner,3,943.92,618.78,104.88
100029,2025-05-12,40,4,Online,4,94.08,64.37,4.95
100029,2025-12-09,17,33,Retail,5,2412.60,1471.63,0.00
100029,2026-07-08,34,2,Partner,6,2777.77,2189.53,490.19
100030,2024-07-09,11,31,Online,7,920.13,644.06,102.24
100030,2025-02-05,28,60,Retail,8,3351.81,1940.52,176.41
100030,2025-09-04,5,29,Partner,9,960.04,623.97,0.00
100031,2026-04-03,22,58,Online,10,3495.43,2343.99,616.84
100031,2024-04-04,39,27,Retail,11,5250.34,3675.18,583.37
100031,2024-11-01,16,56,Partner,12,3736.45,2320.53,196.66
100032,2025-05-31,33,25,Online,1,539.34,350.56,0.00
100032,2025-12-28,10,54,Retail,2,515.05,369.62,90.89
100032,2026-07-27,27,23,Partner,3,1188.89,885.04,132.10
100033,2024-07-28,4,52,Online,4,248.72,164.94,13.09
100033,2025-02-24,21,21,Retail,5,1696.50,933.11,0.00
100033,2025-09-23,38,50,Partner,6,3287.09,2358.97,580.07
100034,2026-04-22,15,19,Online,7,1834.18,1161.70,203.80
100034,2024-04-23,32,48,Retail,8,3364.67,2231.31,177.09
100034,2024-11-20,9,17,Partner,9,1790.70,1056.58,0.00
100035,2025-06-19,26,46,Online,10,3131.03,2394.32,552.53
100035,2026-01-16,3,15,Retail,11,618.04,418.95,68.67
100035,2024-01-18,20,44,Partner,12,2482.44,1750.77,130.65
100036,2024-08-16,37,13,Online,1,535.16,315.75,0.00
100036,2025-03-15,14,42,Retail,2,401.17,259.58,70.79
100036,2025-10-12,31,11,Partner,3,1442.62,977.79,160.29
100037,2026-05-11,8,40,Online,4,643.95,386.37,33.89
100037,2024-05-12,25,9,Retail,5,1767.56,1113.59,0.00
100037,2024-12-09,2,38,Partner,6,414.14,287.46,73.08
100038,2025-07-08,19,7,Online,7,1744.62,1260.04,193.85
100038,2026-02-04,36,36,Retail,8,4880.15,2928.09,256.85
100038,2024-02-06,13,5,Partner,9,1670.81,1119.49,0.00
100039,2024-09-04,30,34,Online,10,3754.51,2606.07,662.56
100039,2025-04-03,7,3,Retail,11,1297.59,792.91,144.18
100039,2025-10-31,24,32,Partner,12,4816.33,3092.59,253.49
100040,2026-05-30,1,1,Online,1,46.19,26.32,0.00
100040,2024-05-31,18,30,Retail,2,446.61,331.02,78.81
100040,2024-12-28,35,59,Partner,3,2246.44,1372.80,249.60
100041,2025-07-27,12,28,Online,4,699.72,478.76,36.83
100041,2026-02-23,29,57,Retail,5,2630.30,1499.24,0.00
100041,2024-02-25,6,26,Partner,6,497.26,391.96,87.75
100042,2024-09-23,23,55,Online,7,2183.94,1431.65,242.66
100042,2025-04-22,40,24,Retail,8,186.71,127.75,9.83
100042,2025-11-19,17,53,Partner,9,3616.20,2205.80,0.00
100043,2026-06-18,34,22,Online,10,4598.83,3624.96,811.56
100043,2024-06-19,11,51,Retail,11,1433.22,1003.21,159.25
100043,2025-01-16,28,20,Partner,12,3989.87,2309.92,209.99
100044,2025-08-15,5,49,Online,1,105.88,68.82,0.00
100044,2026-03-14,22,18,Retail,2,694.28,465.58,122.52
100044,2024-03-15,39,47,Partner,3,1418.79,993.14,157.64
100045,2024-10-12,16,16,Online,4,950.06,590.04,50.00
100045,2025-05-11,33,45,Retail,5,2675.98,1739.36,0.00
100045,2025-12-08,10,14,Partner,6,1534.17,1101.00,270.74
100046,2026-07-07,27,43,Online,7,2755.74,2051.45,306.19
100046,2024-07-08,4,12,Retail,8,493.11,327.01,25.95
100046,2025-02-04,21,41,Partner,9,3029.36,1666.20,0.00
100047,2025-09-03,38,10,Online,10,5438.19,3902.70,959.68
100047,2026-04-02,15,39,Retail,11,2862.62,1813.07,318.07
100047,2024-04-03,32,8,Partner,12,5001.17,3316.56,263.22
100048,2024-10-31,9,37,Online,1,151.78,89.56,0.00
100048,2025-05-30,26,6,Retail,2,731.10,559.07,129.02
100048,2025-12-27,3,35,Partner,3,324.27,219.82,36.03
100049,2026-07-26,20,4,Online,4,1263.29,890.95,66.49
100049,2024-07-27,37,33,Retail,5,2254.81,1330.36,0.00
100049,2025-02-23,14,2,Partner,6,1193.98,772.58,210.70
100050,2025-09-22,31,31,Online,7,3341.52,2264.85,371.28
100050,2026-04-21,8,60,Retail,8,1279.18,767.51,67.33
100050,2024-04-22,25,29,Partner,9,3152.95,1986.41,0.00
100051,2024-11-19,2,58,Online,10,574.14,398.52,101.32
100051,2025-06-18,19,27,Retail,11,2720.80,1965.08,302.31
100051,2026-01-15,36,56,Partner,12,5815.14,3489.08,306.06
100052,2024-01-17,13,25,Online,1,147.12,98.57,0.00
100052,2024-08-15,30,54,Retail,2,744.47,516.75,131.38
100052,2025-03-14,7,23,Partner,3,351.11,214.55,39.01
100053,2025-10-11,24,52,Online,4,1593.80,1023.39,83.88
100053,2026-05-10,1,21,Retail,5,229.40,130.72,0.00
100053,2024-05-11,18,50,Partner,6,1327.86,984.18,234.33
100054,2024-12-08,35,19,Online,7,5198.92,3177.05,577.66
100054,2025-07-07,12,48,Retail,8,1388.93,950.32,73.10
100054,2026-02-03,29,17,Partner,9,4701.58,2679.84,0.00
100055,2024-02-05,6,46,Online,10,821.03,647.16,144.89
100055,2024-09-03,23,15,Retail,11,3402.76,2230.64,378.08
100055,2025-04-02,40,44,Partner,12,277.88,190.13,14.63
100056,2025-10-30,17,13,Online,1,306.85,187.17,0.00
100056,2026-05-29,34,42,Retail,2,1074.83,847.22,189.68
100056,2024-05-30,11,11,Partner,3,455.79,319.03,50.64
100057,2024-12-27,28,40,Online,4,2555.92,1479.75,134.52
100057,2025-07-26,5,9,Retail,5,446.64,290.29,0.00
100057,2026-02-22,22,38,Partner,6,2068.45,1387.08,365.02
100058,2024-02-24,39,7,Online,7,3279.90,2295.90,364.43
100058,2024-09-22,16,36,Retail,8,1884.11,1170.13,99.16
100058,2025-04-21,33,5,Partner,9,4779.49,3106.62,0.00
100059,2025-11-18,10,34,Online,10,2129.20,1528.02,375.74
100059,2026-06-17,27,3,Retail,11,4301.64,3202.26,477.96
100059,2024-06-18,4,32,Partner,12,733.18,486.21,38.59
100060,2025-01-15,21,1,Online,1,267.11,146.92,0.00
100060,2025-08-14,38,30,Retail,2,1079.58,774.76,190.51
100060,2026-03-13,15,59,Partner,3,775.35,491.08,86.15
100061,2024-03-14,32,28,Online,4,1651.78,1095.39,86.94
100061,2024-10-11,9,57,Retail,5,752.57,444.05,0.00
100061,2025-05-10,26,26,Partner,6,2176.45,1664.34,384.08
100062,2025-12-07,3,55,Online,7,751.26,509.26,83.47
100062,2026-07-06,20,24,Retail,8,2509.89,1770.13,132.10
100062,2024-07-07,37,53,Partner,9,4023.33,2373.80,0.00
100063,2025-02-03,14,22,Online,10,1974.10,1277.36,348.37
100063,2025-09-02,31,51,Retail,11,5212.34,3532.88,579.15
100063,2026-04-01,8,20,Partner,12,1905.67,1143.40,100.30
100064,2024-04-02,25,49,Online,1,347.14,218.71,0.00
100064,2024-10-30,2,18,Retail,2,87.60,60.80,15.46
100064,2025-05-29,19,47,Partner,3,866.33,625.70,96.26
100065,2025-12-26,36,16,Online,4,3729.11,2237.46,196.27
100065,2026-07-25,13,45,Retail,5,1123.17,752.56,0.00
100065,2024-07-26,30,14,Partner,6,1882.01,1306.34,332.12
100066,2025-02-22,7,43,Online,7,812.77,496.65,90.31
100066,2025-09-21,24,12,Retail,8,3164.32,2031.82,166.54
100066,2026-04-20,1,41,Partner,9,410.12,233.71,0.00
100067,2024-04-21,18,10,Online,10,2193.16,1625.52,387.03
100067,2024-11-18,35,39,Retail,11,6795.66,4152.82,755.07
100067,2025-06-17,12,8,Partner,12,2067.62,1414.69,108.82
100068,2026-01-14,29,37,Online,1,414.99,236.54,0.00
100068,2024-01-16,6,6,Retail,2,130.13,102.57,22.96
100068,2024-08-14,23,35,Partner,3,920.08,603.14,102.23
100069,2025-03-13,40,4,Online,4,91.90,62.88,4.84
100069,2025-10-10,17,33,Retail,5,1523.12,929.07,0.00
100069,2026-05-09,34,2,Partner,6,3202.77,2524.54,565.19
100070,2024-05-10,11,31,Online,7,1054.00,737.76,117.11
100070,2024-12-07,28,60,Retail,8,5070.12,2935.33,266.85
100070,2025-07-06,5,29,Partner,9,797.90,518.59,0.00
100071,2026-02-02,22,58,Online,10,3423.40,2295.69,604.13
100071,2024-02-04,39,27,Retail,11,5106.03,3574.16,567.34
100071,2024-09-02,16,56,Partner,12,2802.16,1740.29,147.48
100072,2025-04-01,33,25,Online,1,526.91,342.49,0.00
100072,2025-10-29,10,54,Retail,2,325.21,233.39,57.39
100072,2026-05-28,27,23,Partner,3,1370.96,1020.58,152.33
100073,2024-05-29,4,52,Online,4,284.97,188.98,15.00
100073,2024-12-26,21,21,Retail,5,2566.69,1411.73,0.00
100073,2025-07-25,38,50,Partner,6,2732.39,1960.89,482.19
100074,2026-02-21,15,19,Online,7,1796.63,1137.92,199.63
100074,2024-02-23,32,48,Retail,8,3272.99,2170.51,172.26
100074,2024-09-21,9,17,Partner,9,1343.21,792.55,0.00
100075,2025-04-20,26,46,Online,10,3599.33,2752.43,635.18
100075,2025-11-17,3,15,Retail,11,983.05,666.39,109.23
100075,2026-06-16,20,44,Partner,12,3739.78,2637.53,196.83
100076,2024-06-17,37,13,Online,1,443.11,261.44,0.00
100076,2025-01-14,14,42,Retail,2,313.32,202.73,55.29
100076,2025-08-13,31,11,Partner,3,1411.01,956.37,156.78
100077,2026-03-12,8,40,Online,4,630.86,378.51,33.20
100077,2024-03-13,25,9,Retail,5,1719.80,1083.50,0.00
100077,2024-10-10,2,38,Partner,6,260.59,180.88,45.99
100078,2025-05-09,19,7,Online,7,2005.89,1448.75,222.88
100078,2025-12-06,36,36,Retail,8,7405.20,4443.12,389.75
100078,2026-07-05,13,5,Partner,9,2008.34,1345.64,0.00
100079,2024-07-06,30,34,Online,10,3109.36,2158.26,548.71
100079,2025-02-02,7,3,Retail,11,1267.02,774.23,140.78
100079,2025-09-01,24,32,Partner,12,4711.55,3025.31,247.98
100080,2026-03-31,1,1,Online,1,45.26,25.79,0.00
100080,2024-04-01,18,30,Retail,2,434.64,322.15,76.70
100080,2024-10-29,35,59,Partner,3,1413.84,863.99,157.09
100081,2025-05-28,12,28,Online,4,804.65,550.55,42.35
100081,2025-12-25,29,57,Retail,5,3991.81,2275.28,0.00
100081,2026-07-24,6,26,Partner,6,596.16,469.91,105.20
100082,2024-07-25,23,55,Online,7,1809.05,1185.90,201.01
100082,2025-02-21,40,24,Retail,8,182.34,124.76,9.60
100082,2025-09-20,17,53,Partner,9,2721.59,1660.11,0.00
100083,2026-04-19,34,22,Online,10,5301.74,4179.02,935.60
100083,2024-04-20,11,51,Retail,11,1641.36,1148.89,182.37
100083,2024-11-17,28,20,Partner,12,6326.04,3662.44,332.95
100084,2025-06-16,5,49,Online,1,87.98,57.18,0.00
100084,2026-01-13,22,18,Retail,2,543.90,364.74,95.98
100084,2024-01-15,39,47,Partner,3,1103.55,772.47,122.62
100085,2024-08-13,16,16,Online,4,926.05,575.12,48.74
100085,2025-03-12,33,45,Retail,5,2613.86,1698.98,0.00
100085,2025-10-09,10,14,Partner,6,968.55,695.08,170.92
100086,2026-05-08,27,43,Online,7,3177.35,2365.31,353.04
100086,2024-05-09,4,12,Retail,8,564.85,374.59,29.73
100086,2024-12-06,21,41,Partner,9,4582.32,2520.35,0.00
100087,2025-07-05,38,10,Online,10,4519.74,3243.58,797.60
100087,2026-02-01,15,39,Retail,11,2803.61,1775.70,311.51
100087,2024-02-03,32,8,Partner,12,4863.64,3225.36,255.98
100088,2024-09-01,9,37,Online,1,147.98,87.31,0.00
100088,2025-03-31,26,6,Retail,2,714.25,546.19,126.04
100088,2025-10-28,3,35,Partner,3,204.75,138.79,22.75
100089,2026-05-27,20,4,Online,4,1456.76,1027.40,76.67
100089,2024-05-28,37,33,Retail,5,2583.43,1524.25,0.00
100089,2024-12-25,14,2,Partner,6,1806.40,1168.84,318.78
100090,2025-07-24,31,31,Online,7,2777.61,1882.64,308.62
100090,2026-02-20,8,60,Retail,8,1252.98,751.79,65.95
100090,2024-02-22,25,29,Partner,9,3066.99,1932.25,0.00
100091,2024-09-20,2,58,Online,10,430.66,298.93,76.00
100091,2025-04-19,19,27,Retail,11,3127.71,2258.97,347.52
100091,2025-11-16,36,56,Partner,12,9249.53,5549.72,486.82
100092,2026-06-15,13,25,Online,1,221.66,148.52,0.00
100092,2024-06-16,30,54,Retail,2,616.41,427.86,108.78
100092,2025-01-13,7,23,Partner,3,274.22,167.56,30.47
100093,2025-08-12,24,52,Online,4,1558.87,1000.96,82.05
100093,2026-03-11,1,21,Retail,5,224.73,128.06,0.00
100093,2024-03-12,18,50,Partner,6,1291.97,957.58,227.99
100094,2024-10-09,35,19,Online,7,3271.35,1999.12,363.48
100094,2025-05-08,12,48,Retail,8,1596.93,1092.63,84.05
100094,2025-12-05,29,17,Partner,9,7134.18,4066.39,0.00
100095,2026-07-04,6,46,Online,10,987.03,778.01,174.18
100095,2024-07-05,23,15,Retail,11,2818.02,1847.32,313.11
100095,2025-02-01,40,44,Partner,12,271.33,185.65,14.28
100096,2025-08-31,17,13,Online,1,300.17,183.10,0.00
100096,2026-03-30,34,42,Retail,2,1053.10,830.09,185.84
100096,2024-03-31,11,11,Partner,3,443.57,310.48,49.29
100097,2024-10-28,28,40,Online,4,1608.60,931.29,84.66
100097,2025-05-27,5,9,Retail,5,513.61,333.81,0.00
100097,2025-12-24,22,38,Partner,6,3139.11,2105.05,553.96
100098,2026-07-23,39,7,Online,7,3932.80,2752.92,436.98
100098,2024-07-24,16,36,Retail,8,1560.67,969.26,82.14
100098,2025-02-20,33,5,Partner,9,4667.69,3033.94,0.00
100099,2025-09-19,10,34,Online,10,1602.45,1149.99,282.78
100099,2026-04-18,27,3,Retail,11,4959.09,3691.69,551.01
100099,2024-04-19,4,32,Partner,12,839.64,556.81,44.19
100100,2024-11-16,21,1,Online,1,423.51,232.94,0.00
100100,2025-06-15,38,30,Retail,2,897.10,643.80,158.31
100100,2026-01-12,15,59,Partner,3,607.41,384.71,67.49
100101,2024-01-14,32,28,Online,4,1284.75,851.99,67.62
100101,2024-08-12,9,57,Retail,5,733.54,432.82,0.00
100101,2025-03-11,26,26,Partner,6,2125.91,1625.69,375.16
100102,2025-10-08,3,55,Online,7,474.28,321.50,52.70
100102,2026-05-07,20,24,Retail,8,2893.87,2040.94,152.31
100102,2024-05-08,37,53,Partner,9,4608.59,2719.12,0.00
100103,2024-12-05,14,22,Online,10,2986.06,1932.16,526.95
100103,2025-07-04,31,51,Retail,11,4331.99,2936.19,481.33
100103,2026-01-31,8,20,Partner,12,1493.10,895.86,78.58
100104,2024-02-02,25,49,Online,1,337.59,212.69,0.00
100104,2024-08-31,2,18,Retail,2,85.40,59.28,15.07
100104,2025-03-30,19,47,Partner,3,846.36,611.28,94.04
100105,2025-10-27,36,16,Online,4,2354.58,1412.74,123.93
100105,2026-05-26,13,45,Retail,5,1295.17,867.80,0.00
100105,2024-05-27,30,14,Partner,6,2156.27,1496.70,380.52
100106,2024-12-24,7,43,Online,7,1229.64,751.39,136.63
100106,2025-07-23,24,12,Retail,8,2630.29,1688.92,138.44
100106,2026-02-19,1,41,Partner,9,401.72,228.92,0.00
100107,2024-02-21,18,10,Online,10,2133.34,1581.18,376.47
100107,2024-09-19,35,39,Retail,11,5097.33,3114.98,566.37
100107,2025-04-18,12,8,Partner,12,2376.83,1626.25,125.10
100108,2025-11-15,29,37,Online,1,660.07,376.23,0.00
100108,2026-06-14,6,6,Retail,2,196.09,154.57,34.60
100108,2024-06-15,23,35,Partner,3,761.79,499.38,84.64
100109,2025-01-12,40,4,Online,4,71.77,49.11,3.78
100109,2025-08-11,17,33,Retail,5,1489.73,908.70,0.00
100109,2026-03-10,34,2,Partner,6,3137.58,2473.15,553.69
100110,2024-03-11,11,31,Online,7,1025.50,717.81,113.94
100110,2024-10-08,28,60,Retail,8,3190.27,1847.00,167.91
100110,2025-05-07,5,29,Partner,9,917.38,596.24,0.00
100111,2025-12-04,22,58,Online,10,5194.64,3483.46,916.70
100111,2026-07-03,39,27,Retail,11,6139.23,4297.40,682.14
100111,2024-07-04,16,56,Partner,12,2320.60,1441.21,122.14
100112,2025-01-31,33,25,Online,1,411.59,267.53,0.00
100112,2025-08-30,10,54,Retail,2,318.13,228.30,56.14
100112,2026-03-29,27,23,Partner,3,1343.24,999.95,149.25
100113,2024-03-30,4,52,Online,4,277.33,183.92,14.60
100113,2024-10-27,21,21,Retail,5,1615.36,888.48,0.00
100113,2025-05-26,38,50,Partner,6,3142.06,2254.89,554.48
100114,2025-12-23,15,19,Online,7,2726.58,1726.91,302.95
100114,2026-07-22,32,48,Retail,8,3925.05,2602.93,206.58
100114,2024-07-23,9,17,Partner,9,1112.62,656.48,0.00
100115,2025-02-19,26,46,Online,10,3515.10,2688.02,620.31
100115,2025-09-18,3,15,Retail,11,739.84,501.52,82.20
100115,2026-04-17,20,44,Partner,12,4311.33,3040.62,226.91
100116,2024-04-18,37,13,Online,1,507.45,299.40,0.00
100116,2024-11-15,14,42,Retail,2,496.76,321.43,87.66
100116,2025-06-14,31,11,Partner,3,1172.50,794.71,130.28
100117,2026-01-11,8,40,Online,4,494.21,296.52,26.01
100117,2024-01-13,25,9,Retail,5,1337.64,842.73,0.00
100117,2024-08-11,2,38,Partner,6,254.00,176.31,44.82
100118,2025-03-10,19,7,Online,7,1959.30,1415.09,217.70
100118,2025-10-07,36,36,Retail,8,4674.95,2804.97,246.05
100118,2026-05-06,13,5,Partner,9,2315.58,1551.50,0.00
100119,2024-05-07,30,34,Online,10,3561.63,2472.19,628.52
100119,2024-12-04,7,3,Retail,11,1916.50,1171.10,212.94
100119,2025-07-03,24,32,Partner,12,3915.75,2514.32,206.09
100120,2026-01-30,1,1,Online,1,35.46,20.21,0.00
100120,2024-02-01,18,30,Retail,2,422.68,313.28,74.59
100120,2024-08-30,35,59,Partner,3,1378.36,842.31,153.15
100121,2025-03-29,12,28,Online,4,786.09,537.85,41.37
100121,2025-10-26,29,57,Retail,5,2520.43,1436.61,0.00
100121,2026-05-25,6,26,Partner,6,687.45,541.87,121.31
100122,2024-05-26,23,55,Online,7,2072.65,1358.70,230.29
100122,2024-12-23,40,24,Retail,8,275.87,188.75,14.52
100122,2025-07-22,17,53,Partner,9,2262.26,1379.93,0.00
100123,2026-02-18,34,22,Online,10,5193.09,4093.38,916.43
100123,2024-02-20,11,51,Retail,11,1596.57,1117.54,177.40
100123,2024-09-18,28,20,Partner,12,4745.03,2747.12,249.74
100124,2025-04-17,5,49,Online,1,101.14,65.74,0.00
100124,2025-11-14,22,18,Retail,2,865.12,580.14,152.67
100124,2026-06-13,39,47,Partner,3,1663.18,1164.21,184.80
100125,2024-06-14,16,16,Online,4,766.73,476.18,40.35
100125,2025-01-11,33,45,Retail,5,2041.40,1326.89,0.00
100125,2025-08-10,10,14,Partner,6,947.31,679.83,167.17
100126,2026-03-09,27,43,Online,7,3112.66,2317.15,345.85
100126,2024-03-10,4,12,Retail,8,549.57,364.45,28.92
100126,2024-10-07,21,41,Partner,9,2883.30,1585.87,0.00
100127,2025-05-06,38,10,Online,10,5196.49,3729.24,917.03
100127,2025-12-03,15,39,Retail,11,4254.14,2694.41,472.68
100127,2026-07-02,32,8,Partner,12,5848.61,3878.55,307.82
100128,2024-07-03,9,37,Online,1,122.55,72.31,0.00
100128,2025-01-30,26,6,Retail,2,557.92,426.65,98.46
100128,2025-08-29,3,35,Partner,3,200.29,135.77,22.25
100129,2026-03-28,20,4,Online,4,1427.29,1006.61,75.12
100129,2024-03-29,37,33,Retail,5,2514.13,1483.36,0.00
100129,2024-10-26,14,2,Partner,6,1136.85,735.61,200.62
100130,2025-05-25,31,31,Online,7,3194.04,2164.89,354.89
100130,2025-12-22,8,60,Retail,8,1901.52,1140.91,100.08
100130,2026-07-21,25,29,Partner,9,3678.51,2317.52,0.00
100131,2024-07-22,2,58,Online,10,356.72,247.61,62.95
100131,2025-02-18,19,27,Retail,11,3054.49,2206.09,339.39
100131,2025-09-17,36,56,Partner,12,6961.12,4176.67,366.38
100132,2026-04-16,13,25,Online,1,255.54,171.22,0.00
100132,2024-04-17,30,54,Retail,2,705.90,489.98,124.57
100132,2024-11-14,7,23,Partner,3,434.77,265.67,48.31
100133,2025-06-13,24,52,Online,4,1295.35,831.75,68.18
100133,2026-01-10,1,21,Retail,5,176.05,100.32,0.00
100133,2024-01-12,18,50,Partner,6,1004.86,744.78,177.33
100134,2024-08-10,35,19,Online,7,3188.57,1948.53,354.29
100134,2025-03-09,12,48,Retail,8,1559.82,1067.24,82.10
100134,2025-10-06,29,17,Partner,9,4503.82,2567.12,0.00
100135,2026-05-05,6,46,Online,10,1138.02,897.02,200.83
100135,2024-05-06,23,15,Retail,11,3227.88,2115.99,358.65
100135,2024-12-03,40,44,Partner,12,410.41,280.81,21.60
100136,2025-07-02,17,13,Online,1,249.47,152.17,0.00
100136,2026-01-29,34,42,Retail,2,825.10,650.37,145.61
100136,2024-01-31,11,11,Partner,3,345.09,241.55,38.34
100137,2024-08-29,28,40,Online,4,1568.21,907.91,82.54
100137,2025-03-28,5,9,Retail,5,501.76,326.11,0.00
100137,2025-10-25,22,38,Partner,6,1982.02,1329.12,349.77
100138,2026-05-24,39,7,Online,7,4534.99,3174.45,503.89
100138,2024-05-25,16,36,Retail,8,1788.06,1110.48,94.11
100138,2024-12-22,33,5,Partner,9,7061.62,4589.97,0.00
100139,2025-07-21,10,34,Online,10,1331.99,955.90,235.06
100139,2026-02-17,27,3,Retail,11,4857.43,3616.01,539.71
100139,2024-02-19,4,32,Partner,12,816.72,541.61,42.99
100140,2024-09-17,21,1,Online,1,317.66,174.72,0.00
100140,2025-04-16,38,30,Retail,2,1031.24,740.07,181.98
100140,2025-11-13,15,59,Partner,3,966.12,611.90,107.35
100141,2026-06-12,32,28,Online,4,1936.55,1284.24,101.92
100141,2024-06-13,9,57,Retail,5,607.34,358.35,0.00
100141,2025-01-10,26,26,Partner,6,1660.29,1269.64,292.99
100142,2025-08-09,3,55,Online,7,463.87,314.45,51.54
100142,2026-03-08,20,24,Retail,8,2834.93,1999.37,149.21
100142,2024-03-09,37,53,Partner,9,4483.86,2645.53,0.00
100143,2024-10-06,14,22,Online,10,1878.88,1215.75,331.57
100143,2025-05-05,31,51,Retail,11,4980.58,3375.80,553.40
100143,2025-12-02,8,20,Partner,12,2831.97,1699.18,149.05
100144,2026-07-01,25,49,Online,1,406.02,255.80,0.00
100144,2024-07-02,2,18,Retail,2,70.72,49.09,12.48
100144,2025-01-29,19,47,Partner,3,661.11,477.48,73.46
100145,2025-08-28,36,16,Online,4,2303.28,1381.96,121.22
100145,2026-03-27,13,45,Retail,5,1268.96,850.24,0.00
100145,2024-03-28,30,14,Partner,6,2098.40,1456.54,370.31
100146,2024-10-25,7,43,Online,7,773.87,472.88,85.99
100146,2025-05-24,24,12,Retail,8,3024.61,1942.12,159.19
100146,2025-12-21,1,41,Partner,9,609.64,347.40,0.00
100147,2026-07-20,18,10,Online,10,2559.05,1896.71,451.60
100147,2024-07-21,35,39,Retail,11,4222.15,2580.15,469.13
100147,2025-02-17,12,8,Partner,12,2321.17,1588.17,122.17
100148,2025-09-16,29,37,Online,1,496.76,283.15,0.00
100148,2026-04-15,6,6,Retail,2,226.06,178.19,39.89
100148,2024-04-16,23,35,Partner,3,872.38,571.88,96.93
100149,2024-11-13,40,4,Online,4,113.79,77.86,5.99
100149,2025-06-12,17,33,Retail,5,1237.89,755.09,0.00
100149,2026-01-09,34,2,Partner,6,2457.92,1937.42,433.75
100150,2024-01-11,11,31,Online,7,797.60,558.29,88.62
100150,2024-08-09,28,60,Retail,8,3109.50,1800.24,163.66
100150,2025-03-08,5,29,Partner,9,896.06,582.38,0.00
100151,2025-10-05,22,58,Online,10,3279.36,2199.10,578.71
100151,2026-05-04,39,27,Retail,11,7078.31,4954.74,786.48
100151,2024-05-05,16,56,Partner,12,2658.08,1650.81,139.90
100152,2024-12-02,33,25,Online,1,778.21,505.82,0.00
100152,2025-07-01,10,54,Retail,2,264.39,189.74,46.66
100152,2026-01-28,27,23,Partner,3,1052.41,783.44,116.93
100153,2024-01-30,4,52,Online,4,215.75,143.08,11.36
100153,2024-08-28,21,21,Retail,5,1574.79,866.16,0.00
100153,2025-03-27,38,50,Partner,6,3069.55,2202.85,541.69
100154,2025-10-24,15,19,Online,7,1721.54,1090.35,191.28
100154,2026-05-23,32,48,Retail,8,4526.02,3001.46,238.21
100154,2024-05-24,9,17,Partner,9,1274.71,752.12,0.00
100155,2024-12-21,26,46,Online,10,5317.85,4066.59,938.44
100155,2025-07-20,3,15,Retail,11,614.97,416.87,68.33
100155,2026-02-16,20,44,Partner,12,4222.92,2978.27,222.26
100156,2024-02-18,37,13,Online,1,493.59,291.22,0.00
100156,2024-09-16,14,42,Retail,2,372.60,241.10,65.75
100156,2025-04-15,31,11,Partner,3,1347.81,913.53,149.76
100157,2025-11-12,8,40,Online,4,786.06,471.64,41.37
100157,2026-06-11,25,9,Retail,5,2016.56,1270.46,0.00
100157,2024-06-12,2,38,Partner,6,210.30,145.97,37.11
100158,2025-01-09,19,7,Online,7,1530.16,1105.15,170.02
100158,2025-08-08,36,36,Retail,8,4572.35,2743.41,240.65
100158,2026-03-07,13,5,Partner,9,2268.40,1519.89,0.00
100159,2024-03-08,30,34,Online,10,3465.19,2405.25,611.50
100159,2024-10-05,7,3,Retail,11,1205.89,736.87,133.99
100159,2025-05-04,24,32,Partner,12,4501.98,2890.75,236.95
100160,2025-12-01,1,1,Online,1,67.26,38.33,0.00
100160,2026-06-30,18,30,Retail,2,508.42,376.83,89.72
100160,2024-07-01,35,59,Partner,3,1141.44,697.53,126.83
100161,2025-01-28,12,28,Online,4,614.03,420.13,32.32
100161,2025-08-27,29,57,Retail,5,2465.50,1405.30,0.00
100161,2026-03-26,6,26,Partner,6,673.53,530.90,118.86
100162,2024-03-27,23,55,Online,7,2017.01,1322.22,224.11
100162,2024-10-24,40,24,Retail,8,173.61,118.79,9.14
100162,2025-05-23,17,53,Partner,9,2601.38,1586.78,0.00
100163,2025-12-20,34,22,Online,10,7880.89,6211.99,1390.75
100163,2026-07-19,11,51,Retail,11,1915.43,1340.73,212.83
100163,2024-07-20,28,20,Partner,12,3930.29,2275.43,206.86
100164,2025-02-16,5,49,Online,1,98.77,64.20,0.00
100164,2025-09-15,22,18,Retail,2,651.07,436.60,114.89
100164,2026-04-14,39,47,Partner,3,1917.33,1342.11,213.04
100165,2024-04-15,16,16,Online,4,878.02,545.30,46.21
100165,2024-11-12,33,45,Retail,5,3236.53,2103.70,0.00
100165,2025-06-11,10,14,Partner,6,787.16,564.90,138.91
100166,2026-01-08,27,43,Online,7,2438.37,1815.19,270.93
100166,2024-01-10,4,12,Retail,8,427.43,283.46,22.50
100166,2024-08-08,21,41,Partner,9,2810.27,1545.70,0.00
100167,2025-03-07,38,10,Online,10,5075.63,3642.51,895.70
100167,2025-10-04,15,39,Retail,11,2685.60,1700.95,298.40
100167,2026-05-03,32,8,Partner,12,6743.18,4471.80,354.90
100168,2024-05-04,9,37,Online,1,140.37,82.82,0.00
100168,2024-12-01,26,6,Retail,2,1054.87,806.66,186.15
100168,2025-06-30,3,35,Partner,3,166.46,112.84,18.50
100169,2026-01-27,20,4,Online,4,1118.25,788.66,58.86
100169,2024-01-29,37,33,Retail,5,1955.87,1153.98,0.00
100169,2024-08-27,14,2,Partner,6,1108.29,717.13,195.58
100170,2025-03-26,31,31,Online,7,3120.30,2114.91,346.70
100170,2025-10-23,8,60,Retail,8,1200.59,720.35,63.19
100170,2026-05-22,25,29,Partner,9,4241.71,2672.34,0.00
100171,2024-05-23,2,58,Online,10,408.68,283.68,72.12
100171,2024-12-20,19,27,Retail,11,4620.96,3337.46,513.44
100171,2025-07-19,36,56,Partner,12,5786.14,3471.68,304.53
100172,2026-02-15,13,25,Online,1,250.30,167.71,0.00
100172,2024-02-17,30,54,Retail,2,686.61,476.59,121.17
100172,2024-09-15,7,23,Partner,3,326.10,199.27,36.23
100173,2025-04-14,24,52,Online,4,1489.02,956.11,78.37
100173,2025-11-11,1,21,Retail,5,280.02,159.57,0.00
100173,2026-06-10,18,50,Partner,6,1515.10,1122.95,267.37
100174,2024-06-11,35,19,Online,7,2639.91,1613.25,293.32
100174,2025-01-08,12,48,Retail,8,1218.16,833.48,64.11
100174,2025-08-07,29,17,Partner,9,4404.94,2510.76,0.00
100175,2026-03-06,6,46,Online,10,1114.82,878.74,196.73
100175,2024-03-07,23,15,Retail,11,3140.44,2058.67,348.94
100175,2024-10-04,40,44,Partner,12,258.23,176.69,13.59
100176,2025-05-03,17,13,Online,1,286.82,174.95,0.00
100176,2025-11-30,34,42,Retail,2,1312.54,1034.59,231.62
100176,2026-06-29,11,11,Partner,3,518.93,363.23,57.66
100177,2024-06-30,28,40,Online,4,1298.65,751.85,68.35
100177,2025-01-27,5,9,Retail,5,391.93,254.73,0.00
100177,2025-08-26,22,38,Partner,6,1938.80,1300.14,342.14
100178,2026-03-25,39,7,Online,7,4443.16,3110.16,493.68
100178,2024-03-26,16,36,Retail,8,1740.04,1080.65,91.58
100178,2024-10-23,33,5,Partner,9,4444.08,2888.60,0.00
100179,2025-05-22,10,34,Online,10,1531.64,1099.18,270.29
100179,2025-12-19,27,3,Retail,11,7371.45,5487.52,819.05
100179,2026-07-18,4,32,Partner,12,979.96,649.87,51.58
100180,2024-07-19,21,1,Online,1,263.12,144.72,0.00
100180,2025-02-15,38,30,Retail,2,1007.07,722.72,177.72
100180,2025-09-14,15,59,Partner,3,727.07,460.50,80.79
100181,2026-04-13,32,28,Online,4,2232.45,1480.47,117.50
100181,2024-04-14,9,57,Retail,5,695.48,410.36,0.00
100181,2024-11-11,26,26,Partner,6,2632.28,2012.92,464.52
100182,2025-06-10,3,55,Online,7,385.45,261.28,42.83
100182,2026-01-07,20,24,Retail,8,2220.79,1566.24,116.88
100182,2024-01-09,37,53,Partner,9,3487.30,2057.55,0.00
100183,2024-08-07,14,22,Online,10,1831.27,1184.94,323.17
100183,2025-03-06,31,51,Retail,11,4864.70,3297.26,540.52
100183,2025-10-03,8,20,Partner,12,1787.79,1072.67,94.09
100184,2026-05-02,25,49,Online,1,468.12,294.92,0.00
100184,2024-05-03,2,18,Retail,2,81.00,56.23,14.29
100184,2024-11-30,19,47,Partner,3,1048.34,757.16,116.48
100185,2025-06-29,36,16,Online,4,1914.18,1148.51,100.75
100185,2026-01-26,13,45,Retail,5,994.20,666.14,0.00
100185,2024-01-28,30,14,Partner,6,1632.43,1133.10,288.08
100186,2024-08-26,7,43,Online,7,754.41,460.99,83.82
100186,2025-03-25,24,12,Retail,8,2954.75,1897.26,155.51
100186,2025-10-22,1,41,Partner,9,384.92,219.34,0.00
100187,2026-05-21,18,10,Online,10,2950.84,2187.09,520.74
100187,2024-05-22,35,39,Retail,11,4837.14,2955.97,537.46
100187,2024-12-19,12,8,Partner,12,3511.53,2402.62,184.82
100188,2025-07-18,29,37,Online,1,412.91,235.35,0.00
100188,2026-02-14,6,6,Retail,2,221.42,174.53,39.07
100188,2024-02-16,23,35,Partner,3,848.53,556.25,94.28
100189,2024-09-14,40,4,Online,4,85.35,58.40,4.49
100189,2025-04-13,17,33,Retail,5,1422.95,867.97,0.00
100189,2025-11-10,34,2,Partner,6,3909.37,3081.50,689.89
100190,2026-06-09,11,31,Online,7,1202.76,841.89,133.64
100190,2024-06-10,28,60,Retail,8,2574.42,1490.46,135.50
100190,2025-01-07,5,29,Partner,9,699.78,454.82,0.00
100191,2025-08-06,22,58,Online,10,3207.33,2150.80,566.00
100191,2026-03-05,39,27,Retail,11,6934.00,4853.72,770.44
100191,2024-03-06,16,56,Partner,12,2586.04,1606.07,136.11
100192,2024-10-03,33,25,Online,1,489.65,318.26,0.00
100192,2025-05-02,10,54,Retail,2,303.97,218.14,53.64
100192,2025-11-29,27,23,Partner,3,1674.12,1246.27,186.01
100193,2026-06-28,4,52,Online,4,324.49,215.19,17.08
100193,2024-06-29,21,21,Retail,5,1304.08,717.27,0.00
100193,2025-01-26,38,50,Partner,6,2397.63,1720.65,423.11
100194,2025-08-25,15,19,Online,7,1683.99,1066.57,187.11
100194,2026-03-24,32,48,Retail,8,4434.33,2940.66,233.39
100194,2024-03-25,9,17,Partner,9,1240.45,731.91,0.00
100195,2024-10-22,26,46,Online,10,3346.64,2559.19,590.58
100195,2025-05-21,3,15,Retail,11,707.14,479.35,78.57
100195,2025-12-18,20,44,Partner,12,6408.49,4519.67,337.29
100196,2026-07-17,37,13,Online,1,592.33,349.48,0.00
100196,2024-07-18,14,42,Retail,2,308.62,199.69,54.46
100196,2025-02-14,31,11,Partner,3,1316.20,892.11,146.24
100197,2025-09-13,8,40,Online,4,591.56,354.94,31.13
100197,2026-04-12,25,9,Retail,5,2324.67,1464.58,0.00
100197,2024-04-13,2,38,Partner,6,240.82,167.15,42.50
100198,2024-11-10,19,7,Online,7,2425.94,1752.12,269.55
100198,2025-06-09,36,36,Retail,8,3799.29,2279.57,199.96
100198,2026-01-06,13,5,Partner,9,1776.98,1190.62,0.00
100199,2024-01-08,30,34,Online,10,2695.00,1870.65,475.59
100199,2024-08-06,7,3,Retail,11,1175.32,718.19,130.59
100199,2025-03-05,24,32,Partner,12,4397.20,2823.46,231.43
100200,2025-10-02,1,1,Online,1,42.46,24.19,0.00
100200,2026-05-01,18,30,Retail,2,586.18,434.46,103.44
100200,2024-05-02,35,59,Partner,3,1307.39,798.95,145.27
100201,2024-11-29,12,28,Online,4,973.68,666.20,51.25
100201,2025-06-28,29,57,Retail,5,2048.98,1167.89,0.00
100201,2026-01-25,6,26,Partner,6,527.69,415.95,93.12
100202,2024-01-27,23,55,Online,7,1569.09,1028.60,174.34
100202,2024-08-25,40,24,Retail,8,169.25,115.80,8.91
100202,2025-03-24,17,53,Partner,9,2541.27,1550.12,0.00
100203,2025-10-21,34,22,Online,10,4975.80,3922.10,878.08
100203,2026-05-20,11,51,Retail,11,2208.66,1545.98,245.41
100203,2024-05-21,28,20,Partner,12,4502.71,2606.83,236.98
100204,2024-12-18,5,49,Online,1,149.42,97.12,0.00
100204,2025-07-17,22,18,Retail,2,541.17,362.90,95.50
100204,2026-02-13,39,47,Partner,3,1877.97,1314.56,208.66
100205,2024-02-15,16,16,Online,4,854.01,530.38,44.95
100205,2024-09-13,33,45,Retail,5,2427.52,1577.86,0.00
100205,2025-04-12,10,14,Partner,6,904.83,649.35,159.68
100206,2025-11-09,27,43,Online,7,3878.25,2887.08,430.92
100206,2026-06-08,4,12,Retail,8,644.65,427.50,33.93
100206,2024-06-09,21,41,Partner,9,2326.66,1279.70,0.00
100207,2025-01-06,38,10,Online,10,3963.82,2844.63,699.50
100207,2025-08-05,15,39,Retail,11,2626.60,1663.58,291.84
100207,2026-03-04,32,8,Partner,12,6605.66,4380.59,347.67
100208,2024-03-05,9,37,Online,1,136.56,80.58,0.00
100208,2024-10-02,26,6,Retail,2,663.71,507.54,117.13
100208,2025-05-01,3,35,Partner,3,191.37,129.73,21.26
100209,2025-11-28,20,4,Online,4,1778.85,1254.56,93.62
100209,2026-06-27,37,33,Retail,5,2941.99,1735.81,0.00
100209,2024-06-28,14,2,Partner,6,917.76,593.85,161.96
100210,2025-01-25,31,31,Online,7,2437.25,1651.95,270.81
100210,2025-08-24,8,60,Retail,8,1174.39,704.64,61.81
100210,2026-03-23,25,29,Partner,9,4155.75,2618.19,0.00
100211,2024-03-24,2,58,Online,10,397.70,276.05,70.18
100211,2024-10-21,19,27,Retail,11,2908.04,2100.32,323.12
100211,2025-05-20,36,56,Partner,12,6653.32,3991.99,350.17
100212,2025-12-17,13,25,Online,1,379.83,254.50,0.00
100212,2026-07-16,30,54,Retail,2,824.07,572.00,145.42
100212,2024-07-17,7,23,Partner,3,270.10,165.05,30.01
100213,2025-02-13,24,52,Online,4,1454.09,933.68,76.53
100213,2025-09-12,1,21,Retail,5,210.73,120.08,0.00
100213,2026-04-11,18,50,Partner,6,1746.58,1294.52,308.22
100214,2024-04-12,35,19,Online,7,3022.99,1847.35,335.89
100214,2024-11-09,12,48,Retail,8,1931.27,1321.40,101.65
100214,2025-06-08,29,17,Partner,9,3660.15,2086.24,0.00
100215,2026-01-05,6,46,Online,10,873.30,688.37,154.11
100215,2024-01-07,23,15,Retail,11,2442.40,1601.08,271.38
100215,2024-08-05,40,44,Partner,12,251.69,172.21,13.25
100216,2025-03-04,17,13,Online,1,280.14,170.88,0.00
100216,2025-10-01,34,42,Retail,2,987.92,778.71,174.34
100216,2026-04-30,11,11,Partner,3,598.29,418.78,66.48
100217,2024-05-01,28,40,Online,4,1487.44,861.15,78.29
100217,2024-11-28,5,9,Retail,5,621.48,403.92,0.00
100217,2025-06-27,22,38,Partner,6,1611.25,1080.49,284.34
100218,2026-01-24,39,7,Online,7,3481.06,2436.70,386.78
100218,2024-01-26,16,36,Retail,8,1353.61,840.66,71.24
100218,2024-08-24,33,5,Partner,9,4332.27,2815.93,0.00
100219,2025-03-23,10,34,Online,10,1496.24,1073.77,264.04
100219,2025-10-20,27,3,Retail,11,4654.11,3464.66,517.12
100219,2026-05-19,4,32,Partner,12,1129.98,749.35,59.47
100220,2024-05-20,21,1,Online,1,301.43,165.79,0.00
100220,2024-12-17,38,30,Retail,2,1523.49,1093.33,268.85
100220,2025-07-16,15,59,Partner,3,604.33,382.76,67.15
100221,2026-02-12,32,28,Online,4,2186.60,1450.06,115.08
100221,2024-02-14,9,57,Retail,5,676.45,399.13,0.00
100221,2024-09-12,26,26,Partner,6,1974.29,1509.75,348.40
100222,2025-04-11,3,55,Online,7,443.06,300.34,49.23
100222,2025-11-08,20,24,Retail,8,3532.16,2491.10,185.90
100222,2026-06-07,37,53,Partner,9,5260.25,3103.60,0.00
100223,2024-06-08,14,22,Online,10,1516.11,981.02,267.55
100223,2025-01-05,31,51,Retail,11,3799.06,2574.97,422.12
100223,2025-08-04,8,20,Partner,12,1748.49,1049.10,92.03
100224,2026-03-03,25,49,Online,1,458.57,288.90,0.00
100224,2024-03-04,2,18,Retail,2,78.81,54.70,13.91
100224,2024-10-01,19,47,Partner,3,786.45,568.01,87.38
100225,2025-04-30,36,16,Online,4,2200.67,1320.40,115.82
100225,2025-11-27,13,45,Retail,5,1581.50,1059.65,0.00
100225,2026-06-26,30,14,Partner,6,2455.82,1704.63,433.38
100226,2024-06-27,7,43,Online,7,624.72,381.74,69.41
100226,2025-01-24,24,12,Retail,8,2307.92,1481.93,121.47
100226,2025-08-23,1,41,Partner,9,376.52,214.56,0.00
100227,2026-03-22,18,10,Online,10,2891.02,2142.76,510.18
100227,2024-03-23,35,39,Retail,11,4707.05,2876.47,523.01
100227,2024-10-20,12,8,Partner,12,2209.84,1511.99,116.31
100228,2025-05-19,29,37,Online,1,474.79,270.62,0.00
100228,2025-12-16,6,6,Retail,2,336.01,264.85,59.30
100228,2026-07-15,23,35,Partner,3,1018.55,667.70,113.17
100229,2024-07-16,40,4,Online,4,70.69,48.37,3.72
100229,2025-02-12,17,33,Retail,5,1389.56,847.60,0.00
100229,2025-09-11,34,2,Partner,6,2942.02,2319.00,519.18
100230,2026-04-10,11,31,Online,7,1386.51,970.51,154.06
100230,2024-04-11,28,60,Retail,8,2947.96,1706.72,155.16
100230,2024-11-08,5,29,Partner,9,1109.42,721.06,0.00
100231,2025-06-07,22,58,Online,10,2665.01,1787.13,470.30
100231,2026-01-04,39,27,Retail,11,5431.75,3802.16,603.53
100231,2024-01-06,16,56,Partner,12,2011.20,1249.06,105.85
100232,2024-08-04,33,25,Online,1,477.22,310.19,0.00
100232,2025-03-03,10,54,Retail,2,296.89,213.06,52.39
100232,2025-09-30,27,23,Partner,3,1260.06,938.03,140.01
100233,2026-04-29,4,52,Online,4,374.11,248.10,19.69
100233,2024-04-30,21,21,Retail,5,1493.64,821.53,0.00
100233,2024-11-27,38,50,Partner,6,3801.88,2728.41,670.92
100234,2025-06-26,15,19,Online,7,1399.47,886.37,155.50
100234,2026-01-23,32,48,Retail,8,3474.12,2303.89,182.85
100234,2024-01-25,9,17,Partner,9,964.96,569.36,0.00
100235,2024-08-23,26,46,Online,10,3262.41,2494.78,575.72
100235,2025-03-22,3,15,Retail,11,690.79,468.27,76.75
100235,2025-10-19,20,44,Partner,12,4046.10,2853.56,212.95
100236,2026-05-18,37,13,Online,1,682.99,402.97,0.00
100236,2024-05-19,14,42,Retail,2,353.56,228.77,62.39
100236,2024-12-16,31,11,Partner,3,1991.13,1349.57,221.24
100237,2025-07-15,8,40,Online,4,491.70,295.02,25.88
100237,2026-02-11,25,9,Retail,5,2276.92,1434.49,0.00
100237,2024-02-13,2,38,Partner,6,234.22,162.58,41.33
100238,2024-09-11,19,7,Online,7,1819.51,1314.13,202.17
100238,2025-04-10,36,36,Retail,8,4367.15,2620.29,229.85
100238,2025-11-07,13,5,Partner,9,2826.25,1893.67,0.00
100239,2026-06-06,30,34,Online,10,4065.71,2822.08,717.48
100239,2024-06-07,7,3,Retail,11,973.04,594.58,108.12
100239,2025-01-04,24,32,Partner,12,3433.93,2204.95,180.73
100240,2025-08-03,1,1,Online,1,41.52,23.66,0.00
100240,2026-03-02,18,30,Retail,2,574.22,425.60,101.33
100240,2024-03-03,35,59,Partner,3,1271.91,777.26,141.32
100241,2024-09-30,12,28,Online,4,730.43,499.77,38.44
100241,2025-04-29,29,57,Retail,5,2355.63,1342.68,0.00
100241,2025-11-26,6,26,Partner,6,839.41,661.65,148.13
100242,2026-06-25,23,55,Online,7,2360.86,1547.63,262.32
100242,2024-06-26,40,24,Retail,8,140.15,95.89,7.38
100242,2025-01-23,17,53,Partner,9,1984.94,1210.77,0.00
100243,2025-08-22,34,22,Online,10,4867.15,3836.46,858.91
100243,2026-03-21,11,51,Retail,11,2163.87,1514.64,240.43
100243,2024-03-22,28,20,Partner,12,4381.56,2536.69,230.61
100244,2024-10-19,5,49,Online,1,94.03,61.12,0.00
100244,2025-05-18,22,18,Retail,2,622.26,417.28,109.81
100244,2025-12-15,39,47,Partner,3,2849.85,1994.86,316.65
100245,2026-07-14,16,16,Online,4,1025.27,636.74,53.96
100245,2024-07-15,33,45,Retail,5,2010.60,1306.86,0.00
100245,2025-02-11,10,14,Partner,6,883.58,634.10,155.93
100246,2025-09-10,27,43,Online,7,2918.58,2172.68,324.29
100246,2026-04-09,4,12,Retail,8,743.13,492.81,39.11
100246,2024-04-10,21,41,Partner,9,2664.22,1465.37,0.00
100247,2024-11-07,38,10,Online,10,6284.10,4509.77,1108.96
100247,2025-06-06,15,39,Retail,11,2182.45,1382.28,242.49
100247,2026-01-03,32,8,Partner,12,5174.50,3431.51,272.34
100248,2024-01-05,9,37,Online,1,106.20,62.66,0.00
100248,2024-08-03,26,6,Retail,2,646.87,494.66,114.15
100248,2025-03-02,3,35,Partner,3,186.91,126.70,20.77
100249,2025-09-29,20,4,Online,4,1338.88,944.26,70.47
100249,2026-04-28,37,33,Retail,5,3391.87,2001.24,0.00
100249,2024-04-29,14,2,Partner,6,1051.15,680.16,185.50
100250,2024-11-26,31,31,Online,7,3864.67,2619.44,429.41
100250,2025-06-25,8,60,Retail,8,975.97,585.58,51.37
100250,2026-01-22,25,29,Partner,9,3255.84,2051.23,0.00
100251,2024-01-24,2,58,Online,10,309.37,214.74,54.59
100251,2024-08-22,19,27,Retail,11,2834.82,2047.43,314.98
100251,2025-03-21,36,56,Partner,12,6499.42,3899.66,342.08
100252,2025-10-18,13,25,Online,1,239.81,160.68,0.00
100252,2026-05-17,30,54,Retail,2,950.21,659.56,167.68
100252,2024-05-18,7,23,Partner,3,309.43,189.08,34.38
100253,2024-12-15,24,52,Online,4,2199.70,1412.44,115.77
100253,2025-07-14,1,21,Retail,5,175.15,99.81,0.00
100253,2026-02-10,18,50,Partner,6,1710.69,1267.92,301.89
100254,2024-02-12,35,19,Online,7,2940.20,1796.75,326.69
100254,2024-09-10,12,48,Retail,8,1448.48,991.07,76.24
100254,2025-04-09,29,17,Partner,9,4207.17,2398.03,0.00
100255,2025-11-06,6,46,Online,10,1388.96,1094.83,245.11
100255,2026-06-05,23,15,Retail,11,3685.15,2415.75,409.46
100255,2024-06-06,40,44,Partner,12,208.37,142.57,10.97
100256,2025-01-03,17,13,Online,1,218.77,133.44,0.00
100256,2025-08-02,34,42,Retail,2,966.19,761.58,170.50
100256,2026-03-01,11,11,Partner,3,586.08,410.23,65.12
100257,2024-03-02,28,40,Online,4,1447.06,837.77,76.16
100257,2024-09-29,5,9,Retail,5,466.21,303.01,0.00
100257,2025-04-28,22,38,Partner,6,1852.38,1242.18,326.89
100258,2025-11-25,39,7,Online,7,5537.33,3876.07,615.26
100258,2026-06-24,16,36,Retail,8,2036.93,1265.04,107.21
100258,2024-06-25,33,5,Partner,9,3587.39,2331.76,0.00
100259,2025-01-22,10,34,Online,10,1168.67,838.69,206.24
100259,2025-08-21,27,3,Retail,11,4552.45,3388.98,505.83
100259,2026-03-20,4,32,Partner,12,1107.06,734.15,58.27
100260,2024-03-21,21,1,Online,1,293.32,161.33,0.00
100260,2024-10-18,38,30,Retail,2,958.73,688.03,169.19
100260,2025-05-17,15,59,Partner,3,694.89,440.11,77.21
100261,2025-12-14,32,28,Online,4,3318.18,2200.48,174.64
100261,2026-07-13,9,57,Retail,5,812.22,479.24,0.00
100261,2024-07-14,26,26,Partner,6,1635.19,1250.44,288.56
100262,2025-02-10,3,55,Online,7,432.66,293.29,48.07
100262,2025-09-09,20,24,Retail,8,2658.10,1874.66,139.90
100262,2026-04-08,37,53,Partner,9,6063.79,3577.70,0.00
100263,2024-04-09,14,22,Online,10,1736.05,1123.33,306.36
100263,2024-11-06,31,51,Retail,11,6022.83,4082.23,669.20
100263,2025-06-05,8,20,Partner,12,1452.82,871.69,76.46
100264,2026-01-02,25,49,Online,1,359.21,226.31,0.00
100264,2024-01-04,2,18,Retail,2,61.29,42.54,10.82
100264,2024-08-02,19,47,Partner,3,766.48,553.58,85.16
100265,2025-03-01,36,16,Online,4,2149.38,1289.62,113.12
100265,2025-09-28,13,45,Retail,5,1190.33,797.55,0.00
100265,2026-04-27,30,14,Partner,6,2831.34,1965.28,499.65
100266,2024-04-28,7,43,Online,7,715.51,437.22,79.50
100266,2024-11-25,24,12,Retail,8,3659.55,2349.82,192.61
100266,2025-06-24,1,41,Partner,9,312.90,178.30,0.00
100267,2026-01-21,18,10,Online,10,2264.96,1678.74,399.70
100267,2024-01-23,35,39,Retail,11,3661.56,2237.58,406.84
100267,2024-08-21,12,8,Partner,12,2154.17,1473.91,113.38
100268,2025-03-20,29,37,Online,1,463.80,264.36,0.00
100268,2025-10-17,6,6,Retail,2,212.14,167.22,37.44
100268,2026-05-16,23,35,Partner,3,1174.45,769.90,130.49
100269,2024-05-17,40,4,Online,4,80.98,55.41,4.26
100269,2024-12-14,17,33,Retail,5,2102.06,1282.21,0.00
100269,2025-07-13,34,2,Partner,6,2445.31,1927.48,431.52
100270,2026-02-09,11,31,Online,7,1358.01,950.56,150.89
100270,2024-02-11,28,60,Retail,8,2867.19,1659.95,150.90
100270,2024-09-09,5,29,Partner,9,832.07,540.80,0.00
100271,2025-04-08,22,58,Online,10,3063.28,2054.20,540.58
100271,2025-11-05,39,27,Retail,11,8638.98,6047.19,959.89
100271,2026-06-04,16,56,Partner,12,3034.98,1884.88,159.74
100272,2024-06-05,33,25,Online,1,395.08,256.80,0.00
100272,2025-01-02,10,54,Retail,2,231.85,166.38,40.91
100272,2025-08-01,27,23,Partner,3,1232.34,917.39,136.93
100273,2026-02-28,4,52,Online,4,366.47,243.03,19.29
100273,2024-03-01,21,21,Retail,5,1453.07,799.22,0.00
100273,2024-09-28,38,50,Partner,6,2852.01,2046.74,503.30
100274,2025-04-27,15,19,Online,7,1608.89,1019.01,178.77
100274,2025-11-24,32,48,Retail,8,5526.25,3664.78,290.86
100274,2026-06-23,9,17,Partner,9,1452.29,856.90,0.00
100275,2024-06-24,26,46,Online,10,2701.45,2065.81,476.73
100275,2025-01-21,3,15,Retail,11,539.55,365.75,59.95
100275,2025-08-20,20,44,Partner,12,3957.69,2791.21,208.30
100276,2026-03-19,37,13,Online,1,669.14,394.80,0.00
100276,2024-03-20,14,42,Retail,2,344.04,222.61,60.71
100276,2024-10-17,31,11,Partner,3,1253.00,849.27,139.22
100277,2025-05-16,8,40,Online,4,565.37,339.22,29.76
100277,2025-12-13,25,9,Retail,5,3455.21,2176.83,0.00
100277,2026-07-12,2,38,Partner,6,281.27,195.24,49.64
100278,2024-07-13,19,7,Online,7,1506.98,1088.40,167.44
100278,2025-02-09,36,36,Retail,8,4264.55,2558.73,224.45
100278,2025-09-08,13,5,Partner,9,2126.86,1425.06,0.00
100279,2026-04-07,30,34,Online,10,4686.75,3253.15,827.07
100279,2024-04-08,7,3,Retail,11,1114.18,680.83,123.80
100279,2024-11-05,24,32,Partner,12,5443.92,3495.57,286.52
100280,2025-06-04,1,1,Online,1,34.50,19.66,0.00
100280,2026-01-01,18,30,Retail,2,449.80,333.38,79.38
100280,2024-01-03,35,59,Partner,3,989.15,604.47,109.91
100281,2024-08-01,12,28,Online,4,711.87,487.07,37.47
100281,2025-02-28,29,57,Retail,5,2300.70,1311.37,0.00
100281,2025-09-27,6,26,Partner,6,631.78,497.99,111.49
100282,2026-04-26,23,55,Online,7,2721.84,1784.27,302.43
100282,2024-04-27,40,24,Retail,8,160.51,109.83,8.45
100282,2024-11-24,17,53,Partner,9,3147.39,1919.84,0.00
100283,2025-06-23,34,22,Online,10,4044.73,3188.20,713.78
100283,2026-01-20,11,51,Retail,11,1695.27,1186.63,188.36
100283,2024-01-22,28,20,Partner,12,3408.32,1973.24,179.39
100284,2024-08-20,5,49,Online,1,91.66,59.58,0.00
100284,2025-03-19,22,18,Retail,2,607.86,407.62,107.27
100284,2025-10-16,39,47,Partner,3,1799.25,1259.46,199.92
100285,2026-05-15,16,16,Online,4,1182.18,734.20,62.22
100285,2024-05-16,33,45,Retail,5,2303.29,1497.11,0.00
100285,2024-12-13,10,14,Partner,6,1336.63,959.23,235.88
100286,2025-07-12,27,43,Online,7,2425.81,1805.84,269.53
100286,2026-02-08,4,12,Retail,8,727.85,482.68,38.31
100286,2024-02-10,21,41,Partner,9,2591.19,1425.20,0.00
100287,2024-09-08,38,10,Online,10,4713.07,3382.32,831.72
100287,2025-04-07,15,39,Retail,11,2508.59,1588.84,278.73
100287,2025-11-04,32,8,Partner,12,8229.78,5457.65,433.15
100288,2026-06-03,9,37,Online,1,160.29,94.58,0.00
100288,2024-06-04,26,6,Retail,2,535.52,409.51,94.50
100288,2025-01-01,3,35,Partner,3,145.96,98.94,16.22
100289,2025-07-31,20,4,Online,4,1112.99,784.95,58.58
100289,2026-02-27,37,33,Retail,5,3322.58,1960.35,0.00
100289,2024-02-29,14,2,Partner,6,1022.59,661.68,180.46
100290,2024-09-27,31,31,Online,7,2899.08,1964.97,322.12
100290,2025-04-26,8,60,Retail,8,1122.00,673.20,59.05
100290,2025-11-23,25,29,Partner,9,5179.00,3262.85,0.00
100291,2026-06-22,2,58,Online,10,465.67,323.23,82.18
100291,2024-06-23,19,27,Retail,11,2347.36,1695.36,260.82
100291,2025-01-20,36,56,Partner,12,5076.42,3045.85,267.18
100292,2025-08-19,13,25,Online,1,234.57,157.17,0.00
100292,2026-03-18,30,54,Retail,2,930.92,646.17,164.28
100292,2024-03-19,7,23,Partner,3,301.09,183.98,33.45
100293,2024-10-16,24,52,Online,4,1384.23,888.82,72.85
100293,2025-05-15,1,21,Retail,5,201.40,114.76,0.00
100293,2025-12-12,18,50,Partner,6,2595.93,1924.04,458.11
100294,2026-07-11,35,19,Online,7,3531.26,2157.95,392.36
100294,2024-07-12,12,48,Retail,8,1199.67,820.82,63.14
100294,2025-02-08,29,17,Partner,9,4108.29,2341.67,0.00
100295,2025-09-07,6,46,Online,10,1045.24,823.90,184.45
100295,2026-04-06,23,15,Retail,11,4248.02,2784.74,472.00
100295,2024-04-07,40,44,Partner,12,238.59,163.24,12.56
100296,2024-11-04,17,13,Online,1,346.82,211.55,0.00
100296,2025-06-03,34,42,Retail,2,802.79,632.79,141.67
100296,2025-12-31,11,11,Partner,3,889.49,622.61,98.83
100297,2024-01-02,28,40,Online,4,1125.34,651.51,59.23
100297,2024-07-31,5,9,Retail,5,386.21,251.01,0.00
100297,2025-02-27,22,38,Partner,6,1809.16,1213.20,319.26
100298,2025-09-26,39,7,Online,7,4167.65,2917.31,463.07
100298,2026-04-25,16,36,Retail,8,2348.36,1458.45,123.60
100298,2024-04-26,33,5,Partner,9,4108.66,2670.58,0.00
100299,2024-11-23,10,34,Online,10,1853.07,1329.85,327.01
100299,2025-06-22,27,3,Retail,11,3783.18,2816.31,420.35
100299,2026-01-19,4,32,Partner,12,867.31,575.16,45.65
100300,2024-01-21,21,1,Online,1,228.16,125.49,0.00
100300,2024-08-19,38,30,Retail,2,934.56,670.68,164.92
100300,2025-03-18,15,59,Partner,3,678.80,429.92,75.42
100301,2025-10-15,32,28,Online,4,2094.92,1389.26,110.26
100301,2026-05-14,9,57,Retail,5,936.52,552.58,0.00
100301,2024-05-15,26,26,Partner,6,1873.21,1432.46,330.57
100302,2024-12-12,3,55,Online,7,654.49,443.66,72.72
100302,2025-07-11,20,24,Retail,8,2209.29,1558.13,116.28
100302,2026-02-07,37,53,Partner,9,5939.06,3504.11,0.00
100303,2024-02-09,14,22,Online,10,1688.45,1092.52,297.96
100303,2024-09-07,31,51,Retail,11,4517.07,3061.63,501.90
100303,2025-04-06,8,20,Partner,12,1669.91,1001.94,87.89
100304,2025-11-03,25,49,Online,1,571.31,359.93,0.00
100304,2026-06-02,2,18,Retail,2,92.51,64.21,16.33
100304,2024-06-03,19,47,Partner,3,634.53,458.29,70.50
100305,2024-12-31,36,16,Online,4,3252.02,1951.21,171.16
100305,2025-07-30,13,45,Retail,5,989.50,662.99,0.00
100305,2026-02-26,30,14,Partner,6,2773.47,1925.12,489.44
100306,2024-02-28,7,43,Online,7,696.05,425.33,77.34
100306,2024-09-26,24,12,Retail,8,2745.18,1762.70,144.48
100306,2025-04-25,1,41,Partner,9,359.71,204.98,0.00
100307,2025-11-22,18,10,Online,10,3602.80,2670.31,635.79
100307,2026-06-21,35,39,Retail,11,5512.27,3368.54,612.47
100307,2024-06-22,12,8,Partner,12,1783.73,1220.45,93.88
100308,2025-01-19,29,37,Online,1,362.25,206.48,0.00
100308,2025-08-18,6,6,Retail,2,207.50,163.56,36.62
100308,2026-03-17,23,35,Partner,3,1150.60,754.26,127.84
100309,2024-03-18,40,4,Online,4,78.80,53.92,4.15
100309,2024-10-15,17,33,Retail,5,1322.78,806.87,0.00
100309,2025-05-14,34,2,Partner,6,2811.64,2216.24,496.17
100310,2025-12-11,11,31,Online,7,2060.74,1442.45,228.97
100310,2026-07-10,28,60,Retail,8,3444.05,1993.92,181.27
100310,2024-07-11,5,29,Partner,9,689.13,447.90,0.00
100311,2025-02-07,22,58,Online,10,2991.26,2005.90,527.87
100311,2025-09-06,39,27,Retail,11,6501.06,4550.67,722.34
100311,2026-04-05,16,56,Partner,12,3498.53,2172.77,184.13
100312,2024-04-06,33,25,Online,1,452.38,294.04,0.00
100312,2024-11-03,10,54,Retail,2,367.55,263.77,64.86
100312,2025-06-02,27,23,Partner,3,1023.92,762.24,113.77
100313,2025-12-30,4,52,Online,4,556.19,368.84,29.27
100313,2024-01-01,21,21,Retail,5,1130.00,621.52,0.00
100313,2024-07-30,38,50,Partner,6,2362.58,1695.50,416.93
100314,2025-02-26,15,19,Online,7,1571.34,995.23,174.59
100314,2025-09-25,32,48,Retail,8,4159.28,2758.26,218.91
100314,2026-04-24,9,17,Partner,9,1674.32,987.91,0.00
100315,2024-04-25,26,46,Online,10,3093.94,2365.96,545.99
100315,2024-11-22,3,15,Retail,11,855.52,579.93,95.06
100315,2025-06-21,20,44,Partner,12,3288.88,2319.53,173.10
100316,2026-01-18,37,13,Online,1,524.22,309.30,0.00
100316,2024-01-20,14,42,Retail,2,267.61,173.16,47.23
100316,2024-08-18,31,11,Partner,3,1221.39,827.85,135.71
100317,2025-03-17,8,40,Online,4,552.27,331.36,29.07
100317,2025-10-14,25,9,Retail,5,2181.41,1374.32,0.00
100317,2026-05-13,2,38,Partner,6,324.32,225.11,57.23
100318,2024-05-14,19,7,Online,7,1726.32,1246.82,191.81
100318,2024-12-11,36,36,Retail,8,6451.02,3870.61,339.53
100318,2025-07-10,13,5,Partner,9,1767.73,1184.43,0.00
100319,2026-02-06,30,34,Online,10,4590.31,3186.21,810.05
100319,2024-02-08,7,3,Retail,11,1083.61,662.15,120.40
100319,2024-09-06,24,32,Partner,12,4082.85,2621.62,214.89
100320,2025-04-05,1,1,Online,1,39.66,22.60,0.00
100320,2025-11-02,18,30,Retail,2,715.38,530.22,126.24
100320,2026-06-01,35,59,Partner,3,1493.29,912.55,165.92
100321,2024-06-02,12,28,Online,4,589.32,403.22,31.02
100321,2024-12-30,29,57,Retail,5,3480.93,1984.09,0.00
100321,2025-07-29,6,26,Partner,6,525.19,413.97,92.68
100322,2026-02-25,23,55,Online,7,2666.19,1747.79,296.24
100322,2024-02-27,40,24,Retail,8,156.15,106.84,8.22
100322,2024-09-25,17,53,Partner,9,2360.96,1440.14,0.00
100323,2025-04-24,34,22,Online,10,4649.86,3665.18,820.56
100323,2025-11-21,11,51,Retail,11,2696.59,1887.52,299.62
100323,2026-06-20,28,20,Partner,12,5131.75,2971.01,270.09
100324,2024-06-21,5,49,Online,1,75.90,49.33,0.00
100324,2025-01-18,22,18,Retail,2,474.76,318.37,83.78
100324,2025-08-17,39,47,Partner,3,1759.90,1231.91,195.54
100325,2026-03-16,16,16,Online,4,1158.17,719.29,60.96
100325,2024-03-17,33,45,Retail,5,2241.18,1456.74,0.00
100325,2024-10-14,10,14,Partner,6,841.10,603.61,148.43
100326,2025-05-13,27,43,Online,7,2789.20,2076.36,309.91
100326,2025-12-10,4,12,Retail,8,1104.48,732.45,58.13
100326,2026-07-09,21,41,Partner,9,3112.94,1712.17,0.00
100327,2024-07-10,38,10,Online,10,3903.39,2801.25,688.83
100327,2025-02-06,15,39,Retail,11,2449.58,1551.47,272.18
100327,2025-09-05,32,8,Partner,12,6193.07,4106.99,325.95
100328,2026-04-04,9,37,Online,1,184.77,109.02,0.00
100328,2024-04-05,26,6,Retail,2,613.17,468.90,108.21
100328,2024-11-02,3,35,Partner,3,231.39,156.85,25.71
100329,2025-06-01,20,4,Online,4,1087.94,767.29,57.26
100329,2025-12-29,37,33,Retail,5,5042.59,2975.18,0.00
100329,2026-07-28,14,2,Partner,6,1225.32,792.85,216.23
100330,2024-07-29,31,31,Online,7,2401.54,1627.74,266.84
100330,2025-02-25,8,60,Retail,8,1095.81,657.48,57.67
100330,2025-09-24,25,29,Partner,9,3897.89,2455.73,0.00
100331,2026-04-23,2,58,Online,10,536.86,372.65,94.74
100331,2024-04-24,19,27,Retail,11,2688.37,1941.66,298.71
100331,2024-11-21,36,56,Partner,12,8049.11,4829.47,423.64
100332,2025-06-20,13,25,Online,1,194.93,130.61,0.00
100332,2026-01-17,30,54,Retail,2,729.31,506.22,128.70
100332,2024-01-19,7,23,Partner,3,234.20,143.11,26.02
100333,2024-08-17,24,52,Online,4,1349.31,866.40,71.02
100333,2025-03-16,1,21,Retail,5,196.73,112.11,0.00
100333,2025-10-13,18,50,Partner,6,1638.91,1214.72,289.22
100334,2026-05-12,35,19,Online,7,4071.64,2488.17,452.40
100334,2024-05-13,12,48,Retail,8,1374.26,940.28,72.33
100334,2024-12-10,29,17,Partner,9,6214.59,3542.24,0.00
100335,2025-07-09,6,46,Online,10,868.74,684.77,153.31
100335,2026-02-05,23,15,Retail,11,4160.58,2727.42,462.29
100335,2024-02-07,40,44,Partner,12,232.04,158.76,12.21
100336,2024-09-05,17,13,Online,1,260.10,158.66,0.00
100336,2025-04-04,34,42,Retail,2,922.73,727.33,162.83
100336,2025-11-01,11,11,Partner,3,730.14,511.07,81.13
100337,2026-05-31,28,40,Online,4,1998.99,1157.31,105.21
100337,2024-06-01,5,9,Retail,5,376.14,244.47,0.00
100337,2024-12-29,22,38,Partner,6,2737.22,1835.55,483.04
100338,2025-07-28,39,7,Online,7,3464.44,2425.07,384.94
100338,2026-02-24,16,36,Retail,8,2300.33,1428.63,121.07
100338,2024-02-26,33,5,Partner,9,3996.85,2597.91,0.00
100339,2024-09-24,10,34,Online,10,1390.04,997.56,245.30
100339,2025-04-23,27,3,Retail,11,4349.14,3237.62,483.24
100339,2025-11-20,4,32,Partner,12,1379.58,914.88,72.61
100340,2026-06-19,21,1,Online,1,343.58,188.98,0.00
100340,2024-06-20,38,30,Retail,2,773.83,555.34,136.56
100340,2025-01-17,15,59,Partner,3,530.16,335.78,58.91
100341,2025-08-16,32,28,Online,4,2049.08,1358.86,107.85
100341,2026-03-15,9,57,Retail,5,917.49,541.35,0.00
100341,2024-03-16,26,26,Partner,6,1822.67,1393.81,321.65
100342,2024-10-13,3,55,Online,7,411.85,279.18,45.76
100342,2025-05-12,20,24,Retail,8,2540.22,1791.53,133.70
100342,2025-12-09,37,53,Partner,9,9012.21,5317.30,0.00
100343,2026-07-08,14,22,Online,10,2028.71,1312.69,358.01
100343,2024-07-09,31,51,Retail,11,3741.02,2535.63,415.67
100343,2025-02-05,8,20,Partner,12,1630.61,978.37,85.82
100344,2025-09-04,25,49,Online,1,429.92,270.85,0.00
100344,2026-04-03,2,18,Retail,2,106.64,74.02,18.82
100344,2024-04-04,19,47,Partner,3,726.54,524.74,80.73
100345,2024-11-01,36,16,Online,4,2660.81,1596.48,140.04
100345,2025-05-31,13,45,Retail,5,1137.91,762.43,0.00
100345,2025-12-28,30,14,Partner,6,4209.20,2921.68,742.80
100346,2026-07-27,7,43,Online,7,834.16,509.72,92.68
100346,2024-07-28,24,12,Retail,8,2274.03,1460.17,119.69
100346,2025-02-24,1,41,Partner,9,351.31,200.19,0.00
100347,2025-09-23,18,10,Online,10,2711.57,2009.75,478.51
100347,2026-04-22,35,39,Retail,11,6354.92,3883.49,706.10
100347,2024-04-23,12,8,Partner,12,2042.84,1397.73,107.52
100348,2024-11-20,29,37,Online,1,574.38,327.39,0.00
100348,2025-06-19,6,6,Retail,2,172.43,135.92,30.43
100348,2026-01-16,23,35,Partner,3,901.40,590.90,100.16
100349,2024-01-18,40,4,Online,4,61.29,41.94,3.23
100349,2024-08-16,17,33,Retail,5,1289.39,786.50,0.00
100349,2025-03-15,34,2,Partner,6,2746.46,2164.85,484.67
100350,2025-10-12,11,31,Online,7,1301.01,910.66,144.56
100350,2026-05-11,28,60,Retail,8,3971.05,2299.03,209.00
100350,2024-05-12,5,29,Partner,9,789.42,513.07,0.00
100351,2024-12-09,22,58,Online,10,4524.82,3034.29,798.50
100351,2025-07-08,39,27,Retail,11,5403.23,3782.20,600.36
100351,2026-02-04,16,56,Partner,12,3426.49,2128.03,180.34
100352,2024-02-06,33,25,Online,1,439.95,285.96,0.00
100352,2024-09-04,10,54,Retail,2,275.65,197.82,48.64
100352,2025-04-03,27,23,Partner,3,1176.89,876.11,130.77
100353,2025-10-31,4,52,Online,4,351.19,232.89,18.48
100353,2026-05-30,21,21,Retail,5,2007.55,1104.19,0.00
100353,2024-05-31,38,50,Partner,6,2706.99,1942.66,477.70
100354,2024-12-28,15,19,Online,7,2377.38,1505.74,264.15
100354,2025-07-27,32,48,Retail,8,3457.45,2292.84,181.97
100354,2026-02-23,9,17,Partner,9,1640.07,967.70,0.00
100355,2024-02-25,26,46,Online,10,3009.71,2301.54,531.13
100355,2024-09-23,3,15,Retail,11,641.74,435.02,71.30
100355,2025-04-22,20,44,Partner,12,3780.86,2666.50,198.99
100356,2025-11-19,37,13,Online,1,833.84,491.98,0.00
100356,2026-06-18,14,42,Retail,2,403.04,260.79,71.13
100356,2024-06-19,31,11,Partner,3,1011.32,685.47,112.37
100357,2025-01-16,8,40,Online,4,431.34,258.80,22.70
100357,2025-08-15,25,9,Retail,5,2133.66,1344.24,0.00
100357,2026-03-14,2,38,Partner,6,317.72,220.54,56.07
100358,2024-03-15,19,7,Online,7,1679.72,1213.17,186.64
100358,2024-10-12,36,36,Retail,8,4059.35,2435.61,213.65
100358,2025-05-11,13,5,Partner,9,2032.51,1361.83,0.00
100359,2025-12-08,30,34,Online,10,6965.50,4834.88,1229.21
100359,2026-07-07,7,3,Retail,11,1302.16,795.70,144.68
100359,2024-07-08,24,32,Partner,12,3381.36,2171.19,177.97
100360,2025-02-04,1,1,Online,1,38.72,22.07,0.00
100360,2025-09-03,18,30,Retail,2,538.33,398.99,95.00
100360,2026-04-02,35,59,Partner,3,1721.33,1051.91,191.26
100361,2024-04-03,12,28,Online,4,674.76,461.68,35.51
100361,2024-10-31,29,57,Retail,5,2190.83,1248.74,0.00
100361,2025-05-30,6,26,Partner,6,603.95,476.05,106.58
100362,2025-12-27,23,55,Online,7,4046.35,2652.53,449.59
100362,2026-07-26,40,24,Retail,8,187.15,128.05,9.85
100362,2024-07-27,17,53,Partner,9,1955.73,1192.95,0.00
100363,2025-02-23,34,22,Online,10,4541.21,3579.54,801.39
100363,2025-09-22,11,51,Retail,11,2029.51,1420.59,225.50
100363,2026-04-21,28,20,Partner,12,5916.19,3425.16,311.38
100364,2024-04-22,5,49,Online,1,86.92,56.49,0.00
100364,2024-11-19,22,18,Retail,2,752.76,504.79,132.84
100364,2025-06-18,39,47,Partner,3,1462.46,1023.70,162.50
100365,2026-01-15,16,16,Online,4,907.33,563.50,47.75
100365,2024-01-17,33,45,Retail,5,1743.25,1133.09,0.00
100365,2024-08-15,10,14,Partner,6,819.86,588.37,144.68
100366,2025-03-14,27,43,Online,7,2724.50,2028.20,302.72
100366,2025-10-11,4,12,Retail,8,697.29,462.41,36.70
100366,2026-05-10,21,41,Partner,9,3589.25,1974.15,0.00
100367,2024-05-11,38,10,Online,10,4471.36,3208.86,789.06
100367,2024-12-08,15,39,Retail,11,3705.40,2346.85,411.71
100367,2025-07-07,32,8,Partner,12,5147.21,3413.42,270.91
100368,2026-02-03,9,37,Online,1,180.96,106.77,0.00
100368,2024-02-05,26,6,Retail,2,596.33,456.01,105.23
100368,2024-09-03,3,35,Partner,3,173.53,117.63,19.28
100369,2025-04-02,20,4,Online,4,1250.46,881.91,65.81
100369,2025-10-30,37,33,Retail,5,3183.99,1878.59,0.00
100369,2026-05-29,14,2,Partner,6,1412.98,914.28,249.35
100370,2024-05-30,31,31,Online,7,2751.60,1865.01,305.73
100370,2024-12-27,8,60,Retail,8,1657.90,994.74,87.26
100370,2025-07-26,25,29,Partner,9,3240.15,2041.34,0.00
100371,2026-02-22,2,58,Online,10,525.88,365.02,92.80
100371,2024-02-24,19,27,Retail,11,2615.15,1888.78,290.57
100371,2024-09-22,36,56,Partner,12,6037.72,3622.63,317.77
100372,2025-04-21,13,25,Online,1,224.09,150.14,0.00
100372,2025-11-18,30,54,Retail,2,1160.05,805.21,204.71
100372,2026-06-17,7,23,Partner,3,352.77,215.57,39.20
100373,2024-06-18,24,52,Online,4,1117.22,717.37,58.80
100373,2025-01-15,1,21,Retail,5,153.65,87.56,0.00
100373,2025-08-14,18,50,Partner,6,1603.02,1188.12,282.89
100374,2026-03-13,35,19,Online,7,3988.85,2437.58,443.21
100374,2024-03-14,12,48,Retail,8,1337.15,914.89,70.38
100374,2024-10-11,29,17,Partner,9,3910.53,2228.95,0.00
100375,2025-05-10,6,46,Online,10,998.85,787.33,176.27
100375,2025-12-07,23,15,Retail,11,6313.37,4138.65,701.49
100375,2026-07-06,40,44,Partner,12,278.88,190.81,14.68
100376,2024-07-07,17,13,Online,1,215.41,131.40,0.00
100376,2025-02-03,34,42,Retail,2,901.00,710.20,159.00
100376,2025-09-02,11,11,Partner,3,549.43,384.58,61.05
100377,2026-04-01,28,40,Online,4,1958.60,1133.93,103.08
100377,2024-04-02,5,9,Retail,5,430.67,279.91,0.00
100377,2024-10-30,22,38,Partner,6,1722.73,1155.24,304.01
100378,2025-05-29,39,7,Online,7,3983.98,2788.74,442.66
100378,2025-12-26,16,36,Retail,8,3491.08,2168.14,183.74
100378,2026-07-25,33,5,Partner,9,4791.17,3114.21,0.00
100379,2024-07-26,10,34,Online,10,1151.44,826.33,203.20
100379,2025-02-22,27,3,Retail,11,4247.48,3161.94,471.94
100379,2025-09-21,4,32,Partner,12,1038.29,688.55,54.65
100380,2026-04-20,21,1,Online,1,396.10,217.86,0.00
100380,2024-04-21,38,30,Retail,2,886.22,635.99,156.39
100380,2024-11-18,15,59,Partner,3,840.60,532.40,93.40
100381,2025-06-17,32,28,Online,4,1702.75,1129.19,89.62
100381,2026-01-14,9,57,Retail,5,718.77,424.10,0.00
100381,2024-01-16,26,26,Partner,6,1417.71,1084.13,250.18
100382,2024-08-14,3,55,Online,7,401.44,272.13,44.60
100382,2025-03-13,20,24,Retail,8,2481.28,1749.96,130.59
100382,2025-10-10,37,53,Partner,9,5689.60,3356.92,0.00
100383,2026-05-09,14,22,Online,10,2339.10,1513.54,412.78
100383,2024-05-10,31,51,Retail,11,4285.32,2904.55,476.15
100383,2024-12-07,8,20,Partner,12,2466.54,1479.93,129.82
100384,2025-07-06,25,49,Online,1,357.31,225.11,0.00
100384,2026-02-02,2,18,Retail,2,104.44,72.50,18.43
100384,2024-02-04,19,47,Partner,3,706.57,510.31,78.51
100385,2024-09-02,36,16,Online,4,1995.48,1197.29,105.02
100385,2025-04-01,13,45,Retail,5,1111.70,744.87,0.00
100385,2025-10-29,30,14,Partner,6,2657.75,1844.79,469.01
100386,2026-05-28,7,43,Online,7,961.91,587.78,106.88
100386,2024-05-29,24,12,Retail,8,2605.47,1672.99,137.13
100386,2024-12-26,1,41,Partner,9,531.51,302.88,0.00
100387,2025-07-25,18,10,Online,10,2253.99,1670.60,397.76
100387,2026-02-21,35,39,Retail,11,6224.83,3803.99,691.65
100387,2024-02-23,12,8,Partner,12,1987.17,1359.64,104.59
100388,2024-09-21,29,37,Online,1,430.84,245.57,0.00
100388,2025-04-20,6,6,Retail,2,198.22,156.25,34.98
100388,2025-11-17,23,35,Partner,3,1433.78,939.90,159.31
100389,2026-06-16,40,4,Online,4,92.34,63.18,4.86
100389,2024-06-17,17,33,Retail,5,1067.60,651.21,0.00
100389,2025-01-14,34,2,Partner,6,2145.02,1690.78,378.53
100390,2025-08-13,11,31,Online,7,1272.51,890.71,141.39
100390,2026-03-12,28,60,Retail,8,3890.28,2252.27,204.75
100390,2024-03-13,5,29,Partner,9,768.09,499.21,0.00
100391,2024-10-10,22,58,Online,10,2847.21,1909.31,502.45
100391,2025-05-09,39,27,Retail,11,6212.43,4348.63,690.27
100391,2025-12-06,16,56,Partner,12,5199.40,3229.10,273.65
100392,2026-07-05,33,25,Online,1,528.83,343.73,0.00
100392,2024-07-06,10,54,Retail,2,228.28,163.83,40.29
100392,2025-02-02,27,23,Partner,3,1149.16,855.47,127.68
100393,2025-09-01,4,52,Online,4,343.55,227.83,18.08
100393,2026-03-31,21,21,Retail,5,1966.98,1081.87,0.00
100393,2024-04-01,38,50,Partner,6,2634.48,1890.62,464.91
100394,2024-10-29,15,19,Online,7,1496.24,947.66,166.25
100394,2025-05-28,32,48,Retail,8,3975.91,2636.65,209.26
100394,2025-12-25,9,17,Partner,9,2489.01,1468.61,0.00
100395,2026-07-24,26,46,Online,10,3608.34,2759.32,636.77
100395,2024-07-25,3,15,Retail,11,531.58,360.34,59.06
100395,2025-02-21,20,44,Partner,12,3692.45,2604.15,194.34
100396,2025-09-20,37,13,Online,1,627.56,370.27,0.00
100396,2026-04-19,14,42,Retail,2,464.65,300.65,82.00
100396,2024-04-20,31,11,Partner,3,1158.19,785.01,128.69
100397,2024-11-17,8,40,Online,4,683.90,410.34,35.99
100397,2025-06-16,25,9,Retail,5,1773.02,1117.03,0.00
100397,2026-01-13,2,38,Partner,6,248.90,172.77,43.92
100398,2024-01-15,19,7,Online,7,1306.50,943.61,145.17
100398,2024-08-13,36,36,Retail,8,3956.75,2374.05,208.25
100398,2025-03-12,13,5,Partner,9,1985.33,1330.22,0.00
100399,2025-10-09,30,34,Online,10,4397.43,3052.34,776.02
100399,2026-05-08,7,3,Retail,11,1501.39,917.44,166.82
100399,2024-05-09,24,32,Partner,12,3873.28,2487.06,203.86
100400,2024-12-06,1,1,Online,1,58.57,33.38,0.00
100400,2025-07-05,18,30,Retail,2,447.41,331.61,78.95
100400,2026-02-01,35,59,Partner,3,1685.85,1030.22,187.32
100401,2024-02-03,12,28,Online,4,656.21,448.98,34.54
100401,2024-09-01,29,57,Retail,5,2135.90,1217.43,0.00
100401,2025-03-31,6,26,Partner,6,590.03,465.09,104.12
100402,2025-10-28,23,55,Online,7,2554.90,1674.83,283.88
100402,2026-05-27,40,24,Retail,8,215.82,147.66,11.36
100402,2024-05-28,17,53,Partner,9,2240.76,1366.81,0.00
100403,2024-12-25,34,22,Online,10,6870.48,5415.55,1212.44
100403,2025-07-24,11,51,Retail,11,1687.02,1180.85,187.45
100403,2026-02-20,28,20,Partner,12,5795.04,3355.02,305.00
100404,2024-02-22,5,49,Online,1,84.55,54.95,0.00
100404,2024-09-20,22,18,Retail,2,564.64,378.64,99.64
100404,2025-04-19,39,47,Partner,3,1681.18,1176.81,186.80
100405,2025-11-16,16,16,Online,4,1443.19,896.30,75.96
100405,2026-06-15,33,45,Retail,5,2626.56,1707.24,0.00
100405,2024-06-16,10,14,Partner,6,678.83,487.16,119.79
100406,2025-01-13,27,43,Online,7,2127.85,1584.03,236.43
100406,2025-08-12,4,12,Retail,8,682.01,452.28,35.90
100406,2026-03-11,21,41,Partner,9,3516.22,1933.99,0.00
100407,2024-03-12,38,10,Online,10,4350.51,3122.13,767.74
100407,2024-10-09,15,39,Retail,11,2331.57,1476.73,259.06
100407,2025-05-08,32,8,Partner,12,5918.02,3924.58,311.47
100408,2025-12-05,9,37,Online,1,274.59,162.02,0.00
100408,2026-07-04,26,6,Retail,2,716.89,548.21,126.51
100408,2024-07-05,3,35,Partner,3,143.71,97.42,15.97
100409,2025-02-01,20,4,Online,4,1220.99,861.12,64.26
100409,2025-08-31,37,33,Retail,5,3114.69,1837.70,0.00
100409,2026-03-30,14,2,Partner,6,1384.42,895.80,244.31
100410,2024-03-31,31,31,Online,7,2677.86,1815.03,297.54
100410,2024-10-28,8,60,Retail,8,1043.42,626.05,54.92
100410,2025-05-27,25,29,Partner,9,3725.98,2347.42,0.00
100411,2025-12-24,2,58,Online,10,798.08,553.96,140.84
100411,2026-07-23,19,27,Retail,11,3135.73,2264.76,348.41
100411,2024-07-24,36,56,Partner,12,5001.25,3000.75,263.22
100412,2025-02-20,13,25,Online,1,218.84,146.63,0.00
100412,2025-09-19,30,54,Retail,2,873.06,606.00,154.07
100412,2026-04-18,7,23,Partner,3,406.69,248.51,45.19
100413,2024-04-19,24,52,Online,4,1279.45,821.54,67.34
100413,2024-11-16,1,21,Retail,5,243.61,138.82,0.00
100413,2025-06-15,18,50,Partner,6,1332.06,987.29,235.07
100414,2026-01-12,35,19,Online,7,3124.85,1909.59,347.21
100414,2024-01-14,12,48,Retail,8,1040.03,711.60,54.74
100414,2024-08-12,29,17,Partner,9,3811.65,2172.59,0.00
100415,2025-03-11,6,46,Online,10,975.66,769.05,172.17
100415,2025-10-08,23,15,Retail,11,3985.70,2612.78,442.86
100415,2026-05-07,40,44,Partner,12,321.54,220.00,16.92
100416,2024-05-08,17,13,Online,1,246.75,150.51,0.00
100416,2024-12-05,34,42,Retail,2,1362.87,1074.26,240.51
100416,2025-07-04,11,11,Partner,3,456.63,319.63,50.74
100417,2026-01-31,28,40,Online,4,1534.57,888.44,80.77
100417,2024-02-02,5,9,Retail,5,418.82,272.21,0.00
100417,2024-08-31,22,38,Partner,6,1679.52,1126.27,296.39
100418,2025-03-30,39,7,Online,7,3892.14,2724.46,432.46
100418,2025-10-27,16,36,Retail,8,2204.28,1368.98,116.01
100418,2026-05-26,33,5,Partner,9,5524.87,3591.10,0.00
100419,2024-05-27,10,34,Online,10,1319.23,946.74,232.81
100419,2024-12-24,27,3,Retail,11,6426.02,4783.71,714.00
100419,2025-07-23,4,32,Partner,12,863.06,572.35,45.42
100420,2026-02-19,21,1,Online,1,387.99,213.40,0.00
100420,2024-02-21,38,30,Retail,2,862.05,618.64,152.13
100420,2024-09-19,15,59,Partner,3,630.52,399.35,70.06
100421,2025-04-18,32,28,Online,4,1957.39,1298.06,103.02
100421,2025-11-15,9,57,Retail,5,1143.26,674.57,0.00
100421,2026-06-14,26,26,Partner,6,2136.37,1633.69,377.01
100422,2024-06-15,3,55,Online,7,332.38,225.31,36.93
100422,2025-01-12,20,24,Retail,8,1937.87,1366.71,101.99
100422,2025-08-11,37,53,Partner,9,5564.87,3283.33,0.00
100423,2026-03-10,14,22,Online,10,2291.49,1482.73,404.38
100423,2024-03-11,31,51,Retail,11,4169.44,2826.01,463.27
100423,2024-10-08,8,20,Partner,12,1552.03,931.22,81.69
100424,2025-05-07,25,49,Online,1,410.81,258.82,0.00
100424,2025-12-04,2,18,Retail,2,158.48,110.00,27.97
100424,2026-07-03,19,47,Partner,3,849.54,613.58,94.39
100425,2024-07-04,36,16,Online,4,1652.55,991.53,86.98
100425,2025-01-31,13,45,Retail,5,868.39,581.84,0.00
100425,2025-08-30,30,14,Partner,6,2599.88,1804.63,458.80
100426,2026-03-29,7,43,Online,7,942.46,575.90,104.72
100426,2024-03-30,24,12,Retail,8,2535.62,1628.13,133.45
100426,2024-10-27,1,41,Partner,9,334.51,190.62,0.00
100427,2025-05-26,18,10,Online,10,2591.94,1921.08,457.40
100427,2025-12-23,35,39,Retail,11,9446.84,5772.95,1049.65
100427,2026-07-22,12,8,Partner,12,2383.06,1630.52,125.42
100428,2024-07-23,29,37,Online,1,356.88,203.41,0.00
100428,2025-02-19,6,6,Retail,2,193.59,152.59,34.16
100428,2025-09-18,23,35,Partner,3,1079.06,707.36,119.90
100429,2026-04-17,40,4,Online,4,106.45,72.84,5.60
100429,2024-04-18,17,33,Retail,5,1222.60,745.76,0.00
100429,2024-11-15,34,2,Partner,6,3400.91,2680.71,600.16
100430,2025-06-14,11,31,Online,7,1057.41,740.15,117.49
100430,2026-01-11,28,60,Retail,8,3047.61,1764.41,160.40
100430,2024-01-13,5,29,Partner,9,597.41,388.28,0.00
100431,2024-08-11,22,58,Online,10,2775.19,1861.01,489.74
100431,2025-03-10,39,27,Retail,11,6068.12,4247.62,674.24
100431,2025-10-07,16,56,Partner,12,3282.41,2038.55,172.76
100432,2026-05-06,33,25,Online,1,609.73,396.32,0.00
100432,2024-05-07,10,54,Retail,2,261.49,187.66,46.14
100432,2024-12-04,27,23,Partner,3,1738.23,1293.99,193.14
100433,2025-07-03,4,52,Online,4,285.52,189.35,15.03
100433,2026-01-30,21,21,Retail,5,1541.13,847.65,0.00
100433,2024-02-01,38,50,Partner,6,2561.96,1838.59,452.11
100434,2024-08-30,15,19,Online,7,1458.70,923.88,162.08
100434,2025-03-29,32,48,Retail,8,3884.22,2575.85,204.43
100434,2025-10-26,9,17,Partner,9,1571.56,927.28,0.00
100435,2026-05-25,26,46,Online,10,4160.87,3181.85,734.27
100435,2024-05-26,3,15,Retail,11,609.04,412.85,67.67
100435,2024-12-23,20,44,Partner,12,5586.27,3939.79,294.01
100436,2025-07-22,37,13,Online,1,521.64,307.78,0.00
100436,2026-02-18,14,42,Retail,2,455.12,294.49,80.32
100436,2024-02-20,31,11,Partner,3,1126.59,763.59,125.18
100437,2024-09-18,8,40,Online,4,512.98,307.79,27.00
100437,2025-04-17,25,9,Retail,5,2038.15,1284.07,0.00
100437,2025-11-14,2,38,Partner,6,395.90,274.80,69.86
100438,2026-06-13,19,7,Online,7,1969.06,1422.14,218.78
100438,2024-06-14,36,36,Retail,8,3276.03,1965.62,172.42
100438,2025-01-11,13,5,Partner,9,1550.52,1038.89,0.00
100439,2025-08-10,30,34,Online,10,4300.99,2985.40,759.00
100439,2026-03-09,7,3,Retail,11,1470.82,898.76,163.42
100439,2024-03-10,24,32,Partner,12,3768.50,2419.77,198.34
100440,2024-10-07,1,1,Online,1,36.86,21.00,0.00
100440,2025-05-06,18,30,Retail,2,514.40,381.26,90.78
100440,2025-12-03,35,59,Partner,3,2558.08,1563.24,284.23
100441,2026-07-02,12,28,Online,4,789.10,539.91,41.53
100441,2024-07-03,29,57,Retail,5,1768.82,1008.20,0.00
100441,2025-01-30,6,26,Partner,6,460.89,363.29,81.33
100442,2025-08-29,23,55,Online,7,2499.26,1638.36,277.70
100442,2026-03-28,40,24,Retail,8,211.45,144.68,11.13
100442,2024-03-29,17,53,Partner,9,2180.65,1330.15,0.00
100443,2024-10-26,34,22,Online,10,4323.92,3408.27,763.04
100443,2025-05-25,11,51,Retail,11,1939.94,1357.89,215.55
100443,2025-12-22,28,20,Partner,12,8794.52,5091.56,462.87
100444,2026-07-21,5,49,Online,1,101.41,65.91,0.00
100444,2024-07-22,22,18,Retail,2,467.70,313.63,82.54
100444,2025-02-18,39,47,Partner,3,1641.82,1149.26,182.42
100445,2025-09-17,16,16,Online,4,1086.13,674.55,57.16
100445,2026-04-16,33,45,Retail,5,3027.96,1968.14,0.00
100445,2024-04-17,10,14,Partner,6,777.38,557.88,137.18
100446,2024-11-14,27,43,Online,7,3373.65,2511.45,374.85
100446,2025-06-13,4,12,Retail,8,566.72,375.82,29.83
100446,2026-01-10,21,41,Partner,9,2754.56,1515.05,0.00
100447,2024-01-12,38,10,Online,10,3383.73,2428.32,597.13
100447,2024-08-10,15,39,Retail,11,2272.57,1439.35,252.51
100447,2025-03-09,32,8,Partner,12,5780.49,3833.38,304.24
100448,2025-10-06,9,37,Online,1,173.35,102.28,0.00
100448,2026-05-05,26,6,Retail,2,826.56,632.07,145.86
100448,2024-05-06,3,35,Partner,3,164.61,111.59,18.29
100449,2024-12-03,20,4,Online,4,1846.86,1302.52,97.20
100449,2025-07-02,37,33,Retail,5,2588.59,1527.29,0.00
100449,2026-01-29,14,2,Partner,6,1084.68,701.85,191.41
100450,2024-01-31,31,31,Online,7,2083.30,1412.04,231.48
100450,2024-08-29,8,60,Retail,8,1017.22,610.33,53.54
100450,2025-03-28,25,29,Partner,9,3640.03,2293.27,0.00
100451,2025-10-25,2,58,Online,10,503.90,349.77,88.92
100451,2026-05-24,19,27,Retail,11,3615.87,2611.54,401.76
100451,2024-05-25,36,56,Partner,12,5729.92,3437.96,301.58
100452,2024-12-22,13,25,Online,1,331.08,221.84,0.00
100452,2025-07-21,30,54,Retail,2,725.70,503.72,128.07
100452,2026-02-17,7,23,Partner,3,398.35,243.42,44.26
100453,2024-02-19,24,52,Online,4,1244.52,799.12,65.50
100453,2024-09-17,1,21,Retail,5,182.73,104.13,0.00
100453,2025-04-16,18,50,Partner,6,1531.24,1134.92,270.22
100454,2025-11-13,35,19,Online,7,4970.26,3037.32,552.25
100454,2026-06-12,12,48,Retail,8,1567.68,1072.62,82.51
100454,2024-06-13,29,17,Partner,9,3155.86,1798.80,0.00
100455,2025-01-10,6,46,Online,10,761.97,600.61,134.47
100455,2025-08-09,23,15,Retail,11,3898.26,2555.46,433.14
100455,2026-03-08,40,44,Partner,12,314.99,215.52,16.58
100456,2024-03-09,17,13,Online,1,240.07,146.44,0.00
100456,2024-10-06,34,42,Retail,2,857.54,675.94,151.33
100456,2025-05-05,11,11,Partner,3,525.00,367.48,58.33
100457,2025-12-02,28,40,Online,4,2910.64,1685.11,153.19
100457,2026-07-01,5,9,Retail,5,503.71,327.38,0.00
100457,2024-07-02,22,38,Partner,6,1390.86,932.69,245.45
100458,2025-01-29,39,7,Online,7,3040.24,2128.14,337.80
100458,2025-08-28,16,36,Retail,8,2156.26,1339.15,113.49
100458,2026-03-27,33,5,Partner,9,5413.06,3518.43,0.00
100459,2024-03-28,10,34,Online,10,1283.83,921.34,226.56
100459,2024-10-25,27,3,Retail,11,4044.16,3010.59,449.35
100459,2025-05-24,4,32,Partner,12,992.45,658.15,52.23
100460,2025-12-21,21,1,Online,1,588.80,323.85,0.00
100460,2026-07-20,38,30,Retail,2,1034.07,742.10,182.48
100460,2024-07-21,15,59,Partner,3,522.26,330.78,58.03
100461,2025-02-17,32,28,Online,4,1911.55,1267.66,100.61
100461,2025-09-16,9,57,Retail,5,860.40,507.67,0.00
100461,2026-04-15,26,26,Partner,6,2462.83,1883.34,434.62
100462,2024-04-16,3,55,Online,7,380.63,258.02,42.29
100462,2024-11-13,20,24,Retail,8,3072.42,2166.87,161.71
100462,2025-06-12,37,53,Partner,9,4624.12,2728.28,0.00
100463,2026-01-09,14,22,Online,10,1795.11,1161.54,316.78
100463,2024-01-11,31,51,Retail,11,3242.85,2197.98,360.32
100463,2024-08-09,8,20,Partner,12,1512.73,907.64,79.62
100464,2025-03-08,25,49,Online,1,401.26,252.80,0.00
100464,2025-10-05,2,18,Retail,2,100.05,69.45,17.66
100464,2026-05-04,19,47,Partner,3,979.49,707.43,108.83
100465,2024-05-05,36,16,Online,4,1892.88,1135.72,99.62
100465,2024-12-02,13,45,Retail,5,1641.88,1100.10,0.00
100465,2025-07-01,30,14,Partner,6,2160.72,1499.79,381.30
100466,2026-01-28,7,43,Online,7,738.40,451.21,82.04
100466,2024-01-30,24,12,Retail,8,1972.61,1266.62,103.82
100466,2024-08-28,1,41,Partner,9,326.11,185.83,0.00
100467,2025-03-27,18,10,Online,10,2532.12,1876.75,446.84
100467,2025-10-24,35,39,Retail,11,5964.64,3644.98,662.74
100467,2026-05-23,12,8,Partner,12,2747.94,1880.17,144.63
100468,2024-05-24,29,37,Online,1,408.87,233.05,0.00
100468,2024-12-21,6,6,Retail,2,292.87,230.85,51.68
100468,2025-07-20,23,35,Partner,3,896.93,587.97,99.66
100469,2026-02-16,40,4,Online,4,104.27,71.34,5.49
100469,2024-02-18,17,33,Retail,5,1189.21,725.39,0.00
100469,2024-09-16,34,2,Partner,6,2550.89,2010.70,450.16
100470,2025-04-15,11,31,Online,7,1215.51,850.81,135.06
100470,2025-11-12,28,60,Retail,8,4847.36,2806.37,255.12
100470,2026-06-11,5,29,Partner,9,900.63,585.35,0.00
100471,2024-06-12,22,58,Online,10,2297.69,1540.80,405.47
100471,2025-01-09,39,27,Retail,11,4739.04,3317.28,526.56
100471,2025-08-08,16,56,Partner,12,3210.37,1993.81,168.97
100472,2026-03-07,33,25,Online,1,597.31,388.24,0.00
100472,2024-03-08,10,54,Retail,2,254.41,182.57,44.90
100472,2024-10-05,27,23,Partner,3,1093.71,814.19,121.52
100473,2025-05-04,4,52,Online,4,328.27,217.69,17.28
100473,2025-12-01,21,21,Retail,5,2923.05,1607.73,0.00
100473,2026-06-30,38,50,Partner,6,3081.66,2211.54,543.82
100474,2024-07-01,15,19,Online,7,1207.98,765.08,134.22
100474,2025-01-28,32,48,Retail,8,3034.03,2012.04,159.69
100474,2025-08-27,9,17,Partner,9,1537.31,907.07,0.00
100475,2026-03-26,26,46,Online,10,4076.64,3117.43,719.41
100475,2024-03-27,3,15,Retail,11,592.69,401.77,65.85
100475,2024-10-24,20,44,Partner,12,3515.63,2479.45,185.03
100476,2025-05-23,37,13,Online,1,599.84,353.91,0.00
100476,2025-12-20,14,42,Retail,2,690.68,446.91,121.89
100476,2026-07-19,31,11,Partner,3,1351.58,916.09,150.18
100477,2024-07-20,8,40,Online,4,424.90,254.94,22.36
100477,2025-02-16,25,9,Retail,5,1990.40,1253.98,0.00
100477,2025-09-15,2,38,Partner,6,297.95,206.81,52.58
100478,2026-04-14,19,7,Online,7,2269.94,1639.45,252.22
100478,2024-04-15,36,36,Retail,8,3751.55,2250.93,197.45
100478,2024-11-12,13,5,Partner,9,2458.26,1647.10,0.00
100479,2025-06-11,30,34,Online,10,3573.87,2480.69,630.68
100479,2026-01-08,7,3,Retail,11,1152.20,704.06,128.02
100479,2024-01-10,24,32,Partner,12,2930.97,1881.99,154.26
100480,2024-08-08,1,1,Online,1,35.92,20.47,0.00
100480,2025-03-07,18,30,Retail,2,502.44,372.39,88.67
100480,2025-10-04,35,59,Partner,3,1614.89,986.86,179.43
100481,2026-05-03,12,28,Online,4,909.79,622.49,47.88
100481,2024-05-04,29,57,Retail,5,2026.03,1154.81,0.00
100481,2024-12-01,6,26,Partner,6,871.41,686.88,153.78
100482,2025-06-30,23,55,Online,7,2077.07,1361.60,230.79
100482,2026-01-27,40,24,Retail,8,165.67,113.35,8.72
100482,2024-01-29,17,53,Partner,9,1696.44,1034.79,0.00
100483,2024-08-27,34,22,Online,10,4215.27,3322.63,743.87
100483,2025-03-26,11,51,Retail,11,1895.15,1326.54,210.57
100483,2025-10-23,28,20,Partner,12,5552.73,3214.74,292.25
100484,2026-05-22,5,49,Online,1,116.94,76.00,0.00
100484,2024-05-23,22,18,Retail,2,535.83,359.32,94.56
100484,2024-12-20,39,47,Partner,3,2483.82,1738.65,275.98
100485,2025-07-19,16,16,Online,4,902.80,560.69,47.52
100485,2026-02-15,33,45,Retail,5,2965.85,1927.77,0.00
100485,2024-02-17,10,14,Partner,6,756.14,542.64,133.44
100486,2024-09-15,27,43,Online,7,2530.43,1883.72,281.16
100486,2025-04-14,4,12,Retail,8,651.45,432.01,34.29
100486,2025-11-11,21,41,Partner,9,4381.21,2409.75,0.00
100487,2026-06-10,38,10,Online,10,5101.85,3661.33,900.33
100487,2024-06-11,15,39,Retail,11,1881.53,1191.69,209.06
100487,2025-01-08,32,8,Partner,12,4514.37,2993.74,237.60
100488,2025-08-07,9,37,Online,1,169.54,100.04,0.00
100488,2026-03-06,26,6,Retail,2,809.71,619.19,142.89
100488,2024-03-07,3,35,Partner,3,160.16,108.57,17.80
100489,2024-10-04,20,4,Online,4,1162.05,819.55,61.16
100489,2025-05-03,37,33,Retail,5,2976.10,1755.93,0.00
100489,2025-11-30,14,2,Partner,6,1725.47,1116.48,304.50
100490,2026-06-29,31,31,Online,7,3132.80,2123.38,348.09
100490,2024-06-30,8,60,Retail,8,842.37,505.42,44.34
100490,2025-01-27,25,29,Partner,9,2843.26,1791.29,0.00
100491,2025-08-26,2,58,Online,10,492.92,342.14,86.99
100491,2026-03-25,19,27,Retail,11,3542.64,2558.65,393.63
100491,2024-03-26,36,56,Partner,12,5576.02,3345.62,293.47
100492,2024-10-23,13,25,Online,1,208.36,139.61,0.00
100492,2025-05-22,30,54,Retail,2,834.48,579.23,147.26
100492,2025-12-19,7,23,Partner,3,604.52,369.40,67.17
100493,2026-07-18,24,52,Online,4,1493.28,958.84,78.59
100493,2024-07-19,1,21,Retail,5,151.35,86.25,0.00
100493,2025-02-15,18,50,Partner,6,1495.35,1108.32,263.88
100494,2025-09-14,35,19,Online,7,3740.49,2285.81,415.61
100494,2026-04-13,12,48,Retail,8,1807.22,1236.52,95.12
100494,2024-04-14,29,17,Partner,9,3613.89,2059.87,0.00
100495,2024-11-11,6,46,Online,10,1208.05,952.23,213.19
100495,2025-06-10,23,15,Retail,11,3239.20,2123.41,359.91
100495,2026-01-07,40,44,Partner,12,246.75,168.83,12.99
100496,2024-01-09,17,13,Online,1,186.71,113.89,0.00
100496,2024-08-07,34,42,Retail,2,835.81,658.82,147.50
100496,2025-03-06,11,11,Partner,3,512.79,358.93,56.98
100497,2025-10-03,28,40,Online,4,1837.45,1063.79,96.71
100497,2026-05-02,5,9,Retail,5,580.75,377.45,0.00
100497,2024-05-03,22,38,Partner,6,1593.09,1068.31,281.13
100498,2024-11-30,39,7,Online,7,4821.01,3374.65,535.67
100498,2025-06-29,16,36,Retail,8,1792.00,1112.92,94.32
100498,2026-01-26,33,5,Partner,9,4241.00,2756.60,0.00
100499,2024-01-28,10,34,Online,10,998.74,716.75,176.25
100499,2024-08-26,27,3,Retail,11,3942.50,2934.91,438.06
100499,2025-03-25,4,32,Partner,12,969.53,642.95,51.03
100500,2025-10-22,21,1,Online,1,371.76,204.47,0.00
100500,2026-05-21,38,30,Retail,2,1192.38,855.71,210.42
100500,2024-05-22,15,59,Partner,3,598.34,378.96,66.48
100501,2024-12-19,32,28,Online,4,2891.85,1917.75,152.20
100501,2025-07-18,9,57,Retail,5,715.17,421.98,0.00
100501,2026-02-14,26,26,Partner,6,2412.29,1844.69,425.70
100502,2024-02-16,3,55,Online,7,370.23,250.97,41.14
100502,2024-09-14,20,24,Retail,8,2304.46,1625.25,121.29
100502,2025-04-13,37,53,Partner,9,5315.40,3136.14,0.00
100503,2025-11-10,14,22,Online,10,2855.16,1847.46,503.85
100503,2026-06-09,31,51,Retail,11,4890.13,3314.49,543.35
100503,2024-06-10,8,20,Partner,12,1252.42,751.45,65.92
100504,2025-01-07,25,49,Online,1,313.37,197.43,0.00
100504,2025-08-06,2,18,Retail,2,97.85,67.92,17.27
100504,2026-03-05,19,47,Partner,3,959.52,693.01,106.61
100505,2024-03-06,36,16,Online,4,1841.57,1104.94,96.92
100505,2024-10-03,13,45,Retail,5,1033.07,692.18,0.00
100505,2025-05-02,30,14,Partner,6,2484.16,1724.30,438.38
100506,2025-11-29,7,43,Online,7,1174.62,717.76,130.51
100506,2026-06-28,24,12,Retail,8,2966.76,1904.97,156.15
100506,2024-06-29,1,41,Partner,9,270.05,153.89,0.00
100507,2025-01-26,18,10,Online,10,1977.84,1465.93,349.03
100507,2025-08-25,35,39,Retail,11,5834.54,3565.48,648.28
100507,2026-03-24,12,8,Partner,12,2692.27,1842.08,141.70
100508,2024-03-25,29,37,Online,1,397.88,226.79,0.00
100508,2024-10-22,6,6,Retail,2,184.31,145.28,32.52
100508,2025-05-21,23,35,Partner,3,1031.36,676.10,114.60
100509,2025-12-18,40,4,Online,4,158.23,108.27,8.33
100509,2026-07-17,17,33,Retail,5,1427.10,870.50,0.00
100509,2024-07-18,34,2,Partner,6,2112.85,1665.42,372.86
100510,2025-02-14,11,31,Online,7,1187.01,830.86,131.89
100510,2025-09-13,28,60,Retail,8,3647.97,2111.98,192.00
100510,2026-04-12,5,29,Partner,9,1038.24,674.79,0.00
100511,2024-04-13,22,58,Online,10,2631.14,1764.41,464.32
100511,2024-11-10,39,27,Retail,11,7513.34,5259.25,834.82
100511,2025-06-09,16,56,Partner,12,2667.58,1656.71,140.40
100512,2026-01-06,33,25,Online,1,467.91,304.14,0.00
100512,2024-01-08,10,54,Retail,2,197.86,141.99,34.92
100512,2024-08-06,27,23,Partner,3,1065.99,793.55,118.44
100513,2025-03-05,4,52,Online,4,320.63,212.63,16.88
100513,2025-10-02,21,21,Retail,5,1845.27,1014.93,0.00
100513,2026-05-01,38,50,Partner,6,3552.97,2549.78,626.99
100514,2024-05-02,15,19,Online,7,1383.60,876.32,153.73
100514,2024-11-29,32,48,Retail,8,4811.11,3190.52,253.22
100514,2025-06-28,9,17,Partner,9,1277.60,753.83,0.00
100515,2026-01-25,26,46,Online,10,3193.93,2442.42,563.63
100515,2024-01-27,3,15,Retail,11,461.07,312.55,51.23
100515,2024-08-25,20,44,Partner,12,3427.22,2417.09,180.38
100516,2025-03-24,37,13,Online,1,585.98,345.73,0.00
100516,2025-10-21,14,42,Retail,2,436.08,282.17,76.96
100516,2026-05-20,31,11,Partner,3,1558.49,1056.33,173.17
100517,2024-05-21,8,40,Online,4,486.78,292.07,25.62
100517,2024-12-18,25,9,Retail,5,3011.11,1897.04,0.00
100517,2025-07-17,2,38,Partner,6,247.65,171.90,43.70
100518,2026-02-13,19,7,Online,7,2223.35,1605.80,247.04
100518,2024-02-15,36,36,Retail,8,3648.95,2189.37,192.05
100518,2024-09-13,13,5,Partner,9,1843.79,1235.39,0.00
100519,2025-04-12,30,34,Online,10,4108.12,2851.52,724.96
100519,2025-11-09,7,3,Retail,11,1832.58,1119.82,203.62
100519,2026-06-08,24,32,Partner,12,4420.45,2838.40,232.66
100520,2024-06-09,1,1,Online,1,29.74,16.95,0.00
100520,2025-01-06,18,30,Retail,2,392.38,290.82,69.24
100520,2025-08-05,35,59,Partner,3,1579.41,965.18,175.49
100521,2026-03-04,12,28,Online,4,891.24,609.80,46.91
100521,2024-03-05,29,57,Retail,5,1971.10,1123.50,0.00
100521,2024-10-02,6,26,Partner,6,548.28,432.18,96.76
100522,2025-05-01,23,55,Online,7,2387.97,1565.40,265.33
100522,2025-11-28,40,24,Retail,8,263.53,180.31,13.87
100522,2026-06-27,17,53,Partner,9,2551.76,1556.52,0.00
100523,2024-06-28,34,22,Online,10,3490.63,2751.44,615.99
100523,2025-01-25,11,51,Retail,11,1480.29,1036.15,164.48
100523,2025-08-24,28,20,Partner,12,5431.57,3144.59,285.87
100524,2026-03-23,5,49,Online,1,114.57,74.46,0.00
100524,2024-03-24,22,18,Retail,2,521.43,349.66,92.02
100524,2024-10-21,39,47,Partner,3,1563.11,1094.16,173.68
100525,2025-05-20,16,16,Online,4,1038.11,644.72,54.64
100525,2025-12-17,33,45,Retail,5,4500.78,2925.46,0.00
100525,2026-07-16,10,14,Partner,6,907.52,651.28,160.15
100526,2024-07-17,27,43,Online,7,2095.87,1560.23,232.87
100526,2025-02-13,4,12,Retail,8,636.16,421.88,33.48
100526,2025-09-12,21,41,Partner,9,3297.14,1813.48,0.00
100527,2026-04-11,38,10,Online,10,5881.32,4220.71,1037.88
100527,2024-04-12,15,39,Retail,11,2154.56,1364.61,239.40
100527,2024-11-09,32,8,Partner,12,7157.07,4746.27,376.69
100528,2025-06-08,9,37,Online,1,140.88,83.12,0.00
100528,2026-01-05,26,6,Retail,2,634.29,485.05,111.93
100528,2024-01-07,3,35,Partner,3,124.56,84.43,13.84
100529,2024-08-05,20,4,Online,4,1132.58,798.77,59.61
100529,2025-03-04,37,33,Retail,5,2906.81,1715.05,0.00
100529,2025-10-01,14,2,Partner,6,1298.72,840.35,229.19
100530,2026-04-30,31,31,Online,7,3611.90,2448.12,401.32
100530,2024-05-01,8,60,Retail,8,964.83,578.90,50.78
100530,2024-11-28,25,29,Partner,9,4508.55,2840.46,0.00
100531,2025-06-27,2,58,Online,10,409.64,284.34,72.29
100531,2026-01-24,19,27,Retail,11,2775.54,2004.61,308.39
100531,2024-01-26,36,56,Partner,12,4337.70,2602.62,228.30
100532,2024-08-24,13,25,Online,1,203.12,136.10,0.00
100532,2025-03-23,30,54,Retail,2,815.19,565.84,143.86
100532,2025-10-20,7,23,Partner,3,381.68,233.23,42.41
100533,2026-05-19,24,52,Online,4,1721.87,1105.62,90.62
100533,2024-05-20,1,21,Retail,5,173.39,98.81,0.00
100533,2024-12-17,18,50,Partner,6,2262.16,1676.66,399.20
100534,2025-07-16,35,19,Online,7,3109.04,1899.93,345.45
100534,2026-02-12,12,48,Retail,8,1770.11,1211.13,93.16
100534,2024-02-14,29,17,Partner,9,3515.01,2003.51,0.00
100535,2024-09-12,6,46,Online,10,906.08,714.20,159.90
100535,2025-04-11,23,15,Retail,11,3723.38,2440.81,413.71
100535,2025-11-08,40,44,Partner,12,392.46,268.53,20.66
100536,2026-06-07,17,13,Online,1,281.64,171.79,0.00
100536,2024-06-08,34,42,Retail,2,691.97,545.44,122.11
100536,2025-01-05,11,11,Partner,3,400.46,280.31,44.50
100537,2025-08-04,28,40,Online,4,1797.06,1040.40,94.58
100537,2026-03-03,5,9,Retail,5,568.90,369.75,0.00
100537,2024-03-04,22,38,Partner,6,1549.88,1039.33,273.51
100538,2024-10-01,39,7,Online,7,3616.63,2531.60,401.85
100538,2025-04-30,16,36,Retail,8,2060.21,1279.50,108.43
100538,2025-11-27,33,5,Partner,9,6746.28,4385.01,0.00
100539,2026-06-26,10,34,Online,10,1502.51,1078.27,265.15
100539,2024-06-27,27,3,Retail,11,3264.71,2430.35,362.75
100539,2025-01-24,4,32,Partner,12,757.29,502.20,39.86
100540,2025-08-23,21,1,Online,1,363.64,200.01,0.00
100540,2026-03-22,38,30,Retail,2,1168.21,838.36,206.15
100540,2024-03-23,15,59,Partner,3,582.24,368.77,64.69
100541,2024-10-20,32,28,Online,4,1819.86,1206.86,95.78
100541,2025-05-19,9,57,Retail,5,822.35,485.22,0.00
100541,2025-12-16,26,26,Partner,6,3660.72,2799.37,646.01
100542,2026-07-15,3,55,Online,7,444.41,301.25,49.38
100542,2024-07-16,20,24,Retail,8,1908.69,1346.13,100.46
100542,2025-02-12,37,53,Partner,9,5190.67,3062.55,0.00
100543,2025-09-11,14,22,Online,10,2148.67,1390.31,379.18
100543,2026-04-10,31,51,Retail,11,5637.22,3820.86,626.36
100543,2024-04-11,8,20,Partner,12,1434.14,860.49,75.48
100544,2024-11-08,25,49,Online,1,496.81,313.00,0.00
100544,2025-06-07,2,18,Retail,2,81.31,56.44,14.35
100544,2026-01-04,19,47,Partner,3,751.64,542.87,83.52
100545,2024-01-06,36,16,Online,4,1432.22,859.33,75.38
100545,2024-08-04,13,45,Retail,5,1006.86,674.62,0.00
100545,2025-03-03,30,14,Partner,6,2426.29,1684.13,428.17
100546,2025-09-30,7,43,Online,7,884.10,540.24,98.23
100546,2026-04-29,24,12,Retail,8,3420.45,2196.29,180.02
100546,2024-04-30,1,41,Partner,9,309.30,176.26,0.00
100547,2024-11-27,18,10,Online,10,3136.23,2324.50,553.45
100547,2025-06-26,35,39,Retail,11,4848.78,2963.08,538.75
100547,2026-01-23,12,8,Partner,12,2109.29,1443.20,111.02
100548,2024-01-25,29,37,Online,1,309.52,176.42,0.00
100548,2024-08-23,6,6,Retail,2,179.67,141.62,31.71
100548,2025-03-22,23,35,Partner,3,1007.52,660.47,111.95
100549,2025-10-19,40,4,Online,4,99.90,68.36,5.26
100549,2026-05-18,17,33,Retail,5,1645.56,1003.75,0.00
100549,2024-05-19,34,2,Partner,6,2420.52,1907.94,427.15
100550,2024-12-16,11,31,Online,7,1795.68,1256.91,199.52
100550,2025-07-15,28,60,Retail,8,3032.12,1755.44,159.59
100550,2026-02-11,5,29,Partner,9,1016.91,660.93,0.00
100551,2024-02-13,22,58,Online,10,2559.12,1716.11,451.61
100551,2024-09-11,39,27,Retail,11,5635.18,3944.56,626.13
100551,2025-04-10,16,56,Partner,12,3066.30,1904.33,161.38
100552,2025-11-07,33,25,Online,1,744.20,483.72,0.00
100552,2026-06-06,10,54,Retail,2,298.50,214.21,52.68
100552,2024-06-07,27,23,Partner,3,882.52,656.97,98.06
100553,2025-01-04,4,52,Online,4,250.39,166.05,13.18
100553,2025-08-03,21,21,Retail,5,1804.69,992.61,0.00
100553,2026-03-02,38,50,Partner,6,3480.45,2497.74,614.20
100554,2024-03-03,15,19,Online,7,1346.05,852.53,149.56
100554,2024-09-30,32,48,Retail,8,3609.17,2393.45,189.96
100554,2025-04-29,9,17,Partner,9,1468.80,866.65,0.00
100555,2025-11-26,26,46,Online,10,5080.63,3885.19,896.58
100555,2026-06-25,3,15,Retail,11,693.72,470.26,77.08
100555,2024-06-26,20,44,Partner,12,2837.99,2001.53,149.37
100556,2025-01-23,37,13,Online,1,457.70,270.05,0.00
100556,2025-08-22,14,42,Retail,2,426.56,276.01,75.28
100556,2026-03-21,31,11,Partner,3,1526.89,1034.91,169.65
100557,2024-03-22,8,40,Online,4,473.68,284.21,24.93
100557,2024-10-19,25,9,Retail,5,1894.90,1193.81,0.00
100557,2025-05-18,2,38,Partner,6,284.76,197.66,50.25
100558,2025-12-15,19,7,Online,7,3373.96,2436.82,374.88
100558,2026-07-14,36,36,Retail,8,4380.69,2628.41,230.56
100558,2024-07-15,13,5,Partner,9,1527.12,1023.21,0.00
100559,2025-02-11,30,34,Online,10,4011.68,2784.58,707.94
100559,2025-09-10,7,3,Retail,11,1379.11,842.72,153.23
100559,2026-04-09,24,32,Partner,12,5095.75,3272.01,268.20
100560,2024-04-10,1,1,Online,1,34.06,19.41,0.00
100560,2024-11-07,18,30,Retail,2,622.06,461.06,109.78
100560,2025-06-06,35,59,Partner,3,1312.34,801.97,145.82
100561,2026-01-03,12,28,Online,4,698.15,477.68,36.74
100561,2024-01-05,29,57,Retail,5,1532.93,873.75,0.00
100561,2024-08-03,6,26,Partner,6,534.37,421.21,94.30
100562,2025-03-02,23,55,Online,7,2332.33,1528.93,259.15
100562,2025-09-29,40,24,Retail,8,198.35,135.71,10.44
100562,2026-04-28,17,53,Partner,9,2941.97,1794.54,0.00
100563,2024-04-29,34,22,Online,10,3997.98,3151.35,705.53
100563,2024-11-26,11,51,Retail,11,2347.25,1642.99,260.81
100563,2025-06-25,28,20,Partner,12,4513.85,2613.28,237.57
100564,2026-01-22,5,49,Online,1,89.76,58.34,0.00
100564,2024-01-24,22,18,Retail,2,405.62,272.00,71.58
100564,2024-08-22,39,47,Partner,3,1523.75,1066.61,169.31
100565,2025-03-21,16,16,Online,4,1014.09,629.81,53.37
100565,2025-10-18,33,45,Retail,5,2841.62,1847.02,0.00
100565,2026-05-17,10,14,Partner,6,1046.43,750.97,184.66
100566,2024-05-18,27,43,Online,7,2401.04,1787.41,266.78
100566,2024-12-15,4,12,Retail,8,962.37,638.20,50.65
100566,2025-07-14,21,41,Partner,9,2740.49,1507.32,0.00
100567,2026-02-10,38,10,Online,10,5760.47,4133.98,1016.55
100567,2024-02-12,15,39,Retail,11,2095.55,1327.24,232.84
100567,2024-09-10,32,8,Partner,12,5367.91,3559.77,282.52
100568,2025-04-09,9,37,Online,1,161.93,95.55,0.00
100568,2025-11-06,26,6,Retail,2,1008.83,771.46,178.03
100568,2026-06-05,3,35,Partner,3,187.93,127.40,20.88
100569,2024-06-06,20,4,Online,4,937.65,661.29,49.35
100569,2025-01-03,37,33,Retail,5,2270.01,1339.33,0.00
100569,2025-08-02,14,2,Partner,6,1270.16,821.87,224.15
100570,2026-03-01,31,31,Online,7,3538.16,2398.14,393.13
100570,2024-03-02,8,60,Retail,8,938.63,563.18,49.40
100570,2024-09-29,25,29,Partner,9,3382.16,2130.81,0.00
100571,2025-04-28,2,58,Online,10,470.94,326.89,83.11
100571,2025-11-25,19,27,Retail,11,4415.06,3188.75,490.56
100571,2026-06-24,36,56,Partner,12,6527.43,3916.46,343.55
100572,2024-06-25,13,25,Online,1,168.20,112.70,0.00
100572,2025-01-22,30,54,Retail,2,636.72,441.96,112.36
100572,2025-08-21,7,23,Partner,3,373.34,228.13,41.48
100573,2026-03-20,24,52,Online,4,1686.94,1083.19,88.79
100573,2024-03-21,1,21,Retail,5,168.72,96.15,0.00
100573,2024-10-18,18,50,Partner,6,1423.57,1055.11,251.22
100574,2025-05-17,35,19,Online,7,3574.91,2184.62,397.21
100574,2025-12-14,12,48,Retail,8,2686.15,1837.89,141.38
100574,2026-07-13,29,17,Partner,9,4220.47,2405.61,0.00
100575,2024-07-14,6,46,Online,10,750.45,591.53,132.43
100575,2025-02-10,23,15,Retail,11,3635.94,2383.49,403.99
100575,2025-09-09,40,44,Partner,12,295.34,202.08,15.54
100576,2026-04-08,17,13,Online,1,324.66,198.04,0.00
100576,2024-04-09,34,42,Retail,2,792.35,624.56,139.83
100576,2024-11-06,11,11,Partner,3,634.87,444.38,70.54
100577,2025-06-05,28,40,Online,4,1493.18,864.47,78.59
100577,2026-01-02,5,9,Retail,5,445.64,289.64,0.00
100577,2024-01-04,22,38,Partner,6,1205.33,808.28,212.71
100578,2024-08-02,39,7,Online,7,3524.80,2467.32,391.64
100578,2025-03-01,16,36,Retail,8,2012.18,1249.67,105.90
100578,2025-09-28,33,5,Partner,9,5077.64,3300.41,0.00
100579,2026-04-27,10,34,Online,10,1732.25,1243.15,305.69
100579,2024-04-28,27,3,Retail,11,3739.18,2783.55,415.46
100579,2024-11-25,4,32,Partner,12,1200.79,796.31,63.20
100580,2025-06-24,21,1,Online,1,302.20,166.22,0.00
100580,2026-01-21,38,30,Retail,2,915.23,656.81,161.51
100580,2024-01-23,15,59,Partner,3,452.92,286.86,50.32
100581,2024-08-21,32,28,Online,4,1774.02,1176.46,93.37
100581,2025-03-20,9,57,Retail,5,803.32,473.99,0.00
100581,2025-10-17,26,26,Partner,6,2311.22,1767.40,407.86
100582,2026-05-16,3,55,Online,7,512.43,347.36,56.94
100582,2024-05-17,20,24,Retail,8,2186.58,1542.11,115.08
100582,2024-12-14,37,53,Partner,9,7852.21,4632.89,0.00
100583,2025-07-13,14,22,Online,10,1785.90,1155.58,315.16
100583,2026-02-09,31,51,Retail,11,5521.34,3742.32,613.48
100583,2024-02-11,8,20,Partner,12,1394.85,836.91,73.41
100584,2024-09-09,25,49,Online,1,372.61,234.75,0.00
100584,2025-04-08,2,18,Retail,2,93.46,64.87,16.49
100584,2025-11-05,19,47,Partner,3,1195.45,863.41,132.83
100585,2026-06-04,36,16,Online,4,2161.27,1296.76,113.75
100585,2024-06-05,13,45,Retail,5,833.55,558.50,0.00
100585,2025-01-02,30,14,Partner,6,1894.74,1315.18,334.37
100586,2025-08-01,7,43,Online,7,864.65,528.35,96.07
100586,2026-02-28,24,12,Retail,8,3350.60,2151.44,176.35
100586,2024-03-01,1,41,Partner,9,300.90,171.47,0.00
100587,2024-09-28,18,10,Online,10,2352.67,1743.74,415.18
100587,2025-04-27,35,39,Retail,11,5574.35,3406.48,619.37
100587,2025-11-24,12,8,Partner,12,3355.22,2295.68,176.59
100588,2026-06-23,29,37,Online,1,465.83,265.52,0.00
100588,2024-06-24,6,6,Retail,2,148.78,117.27,26.25
100588,2025-01-21,23,35,Partner,3,786.94,515.87,87.44
100589,2025-08-20,40,4,Online,4,97.72,66.86,5.14
100589,2026-03-19,17,33,Retail,5,1612.16,983.39,0.00
100589,2024-03-20,34,2,Partner,6,2355.33,1856.55,415.65
100590,2024-10-17,11,31,Online,7,1130.00,790.96,125.56
100590,2025-05-16,28,60,Retail,8,3486.43,2018.46,183.50
100590,2025-12-13,5,29,Partner,9,1543.15,1002.96,0.00
100591,2026-07-12,22,58,Online,10,3073.15,2060.82,542.32
100591,2024-07-13,39,27,Retail,11,4667.23,3267.01,518.58
100591,2025-02-09,16,56,Partner,12,2994.26,1859.59,157.59
100592,2025-09-08,33,25,Online,1,560.04,364.02,0.00
100592,2026-04-07,10,54,Retail,2,344.09,246.94,60.72
100592,2024-04-08,27,23,Partner,3,1010.53,752.27,112.28
100593,2024-11-05,4,52,Online,4,396.95,263.24,20.89
100593,2025-06-04,21,21,Retail,5,1499.50,824.75,0.00
100593,2026-01-01,38,50,Partner,6,2726.35,1956.56,481.12
100594,2024-01-03,15,19,Online,7,1046.80,663.00,116.31
100594,2024-08-01,32,48,Retail,8,3517.48,2332.65,185.13
100594,2025-02-28,9,17,Partner,9,1434.55,846.44,0.00
100595,2025-09-27,26,46,Online,10,3823.95,2924.20,674.81
100595,2026-04-26,3,15,Retail,11,799.80,542.16,88.87
100595,2024-04-27,20,44,Partner,12,3250.40,2292.39,171.07
100596,2024-11-24,37,13,Online,1,725.74,428.20,0.00
100596,2025-06-23,14,42,Retail,2,354.48,229.37,62.56
100596,2026-01-20,31,11,Partner,3,1196.23,810.79,132.91
100597,2024-01-22,8,40,Online,4,368.47,221.08,19.39
100597,2024-08-20,25,9,Retail,5,1847.14,1163.73,0.00
100597,2025-03-19,2,38,Partner,6,278.17,193.08,49.09
100598,2025-10-16,19,7,Online,7,2130.15,1538.49,236.68
100598,2026-05-15,36,36,Retail,8,5051.15,3030.69,265.85
100598,2024-05-16,13,5,Partner,9,1749.44,1172.17,0.00
100599,2024-12-13,30,34,Online,10,6068.62,4212.34,1070.93
100599,2025-07-12,7,3,Retail,11,1146.26,700.43,127.36
100599,2026-02-08,24,32,Partner,12,4990.97,3204.73,262.68
100600,2024-02-10,1,1,Online,1,33.12,18.87,0.00
100600,2024-09-08,18,30,Retail,2,466.55,345.79,82.33
100600,2025-04-07,35,59,Partner,3,1508.45,921.81,167.61
100601,2025-11-04,12,28,Online,4,1110.37,759.73,58.44
100601,2026-06-03,29,57,Retail,5,2313.58,1318.71,0.00
100601,2024-06-04,6,26,Partner,6,442.38,348.70,78.07
100602,2025-01-01,23,55,Online,7,1821.34,1193.96,202.37
100602,2025-07-31,40,24,Retail,8,164.89,112.82,8.68
100602,2026-02-27,17,53,Partner,9,2881.86,1757.87,0.00
100603,2024-02-29,34,22,Online,10,3889.34,3065.71,686.35
100603,2024-09-27,11,51,Retail,11,1760.79,1232.49,195.64
100603,2025-04-26,28,20,Partner,12,5189.26,3004.31,273.12
100604,2025-11-23,5,49,Online,1,142.78,92.80,0.00
100604,2026-06-22,22,18,Retail,2,610.55,409.43,107.74
100604,2024-06-23,39,47,Partner,3,1261.73,883.20,140.19
100605,2025-01-20,16,16,Online,4,792.07,491.91,41.69
100605,2025-08-19,33,45,Retail,5,2779.50,1806.64,0.00
100605,2026-03-18,10,14,Partner,6,1025.19,735.73,180.92
100606,2024-03-19,27,43,Online,7,2336.35,1739.25,259.59
100606,2024-10-16,4,12,Retail,8,605.60,401.61,31.87
100606,2025-05-15,21,41,Partner,9,3151.08,1733.15,0.00
100607,2025-12-12,38,10,Online,10,8741.41,6273.24,1542.60
100607,2026-07-11,15,39,Retail,11,2516.82,1594.05,279.65
100607,2024-07-12,32,8,Partner,12,4445.82,2948.28,233.99
100608,2025-02-08,9,37,Online,1,158.13,93.30,0.00
100608,2025-09-07,26,6,Retail,2,759.17,580.55,133.97
100608,2026-04-06,3,35,Partner,3,216.64,146.85,24.07
100609,2024-04-07,20,4,Online,4,1073.64,757.20,56.51
100609,2024-11-04,37,33,Retail,5,3598.68,2123.26,0.00
100609,2025-06-03,14,2,Partner,6,1055.35,682.88,186.24
100610,2025-12-31,31,31,Online,7,5369.85,3639.64,596.65
100610,2024-01-02,8,60,Retail,8,729.95,437.97,38.42
100610,2024-07-31,25,29,Partner,9,2801.78,1765.16,0.00
100611,2025-02-27,2,58,Online,10,459.96,319.26,81.17
100611,2025-09-26,19,27,Retail,11,3322.97,2400.00,369.22
100611,2026-04-25,36,56,Partner,12,7525.42,4515.25,396.08
100612,2024-04-26,13,25,Online,1,192.63,129.07,0.00
100612,2024-11-23,30,54,Retail,2,1009.60,700.78,178.17
100612,2025-06-22,7,23,Partner,3,310.25,189.58,34.47
100613,2026-01-19,24,52,Online,4,1321.61,848.61,69.56
100613,2024-01-21,1,21,Retail,5,131.24,74.79,0.00
100613,2024-08-19,18,50,Partner,6,1387.68,1028.51,244.88
100614,2025-03-18,35,19,Online,7,3492.12,2134.03,388.01
100614,2025-10-15,12,48,Retail,8,1695.89,1160.34,89.26
100614,2026-05-14,29,17,Partner,9,4866.38,2773.77,0.00
100615,2024-05-15,6,46,Online,10,859.69,677.64,151.71
100615,2024-12-12,23,15,Retail,11,5500.17,3605.57,611.13
100615,2025-07-11,40,44,Partner,12,245.48,167.96,12.92
100616,2026-02-07,17,13,Online,1,317.98,193.96,0.00
100616,2024-02-09,34,42,Retail,2,770.62,607.43,135.99
100616,2024-09-07,11,11,Partner,3,476.14,333.28,52.90
100617,2025-04-06,28,40,Online,4,1716.29,993.64,90.33
100617,2025-11-03,5,9,Retail,5,708.76,460.65,0.00
100617,2026-06-02,22,38,Partner,6,1819.40,1220.07,321.07
100618,2024-06-03,39,7,Online,7,2918.02,2042.58,324.22
100618,2024-12-31,16,36,Retail,8,3044.44,1890.76,160.23
100618,2025-07-30,33,5,Partner,9,4220.96,2743.58,0.00
100619,2026-02-26,10,34,Online,10,1696.85,1217.74,299.44
100619,2024-02-28,27,3,Retail,11,3637.52,2707.88,404.17
100619,2024-09-26,4,32,Partner,12,900.76,597.35,47.41
100620,2025-04-25,21,1,Online,1,347.41,191.08,0.00
100620,2025-11-22,38,30,Retail,2,1455.83,1044.77,256.91
100620,2026-06-21,15,59,Partner,3,681.85,431.85,75.76
100621,2024-06-22,32,28,Online,4,1468.95,974.15,77.31
100621,2025-01-19,9,57,Retail,5,627.43,370.21,0.00
100621,2025-08-18,26,26,Partner,6,2260.68,1728.75,398.94
100622,2026-03-17,3,55,Online,7,502.02,340.31,55.78
100622,2024-03-18,20,24,Retail,8,2127.64,1500.55,111.98
100622,2024-10-15,37,53,Partner,9,4941.21,2915.37,0.00
100623,2025-05-14,14,22,Online,10,2053.45,1328.70,362.37
100623,2025-12-11,31,51,Retail,11,8378.47,5678.86,930.94
100623,2026-07-10,8,20,Partner,12,1675.48,1005.29,88.18
100624,2024-07-11,25,49,Online,1,308.60,194.42,0.00
100624,2025-02-07,2,18,Retail,2,91.26,63.34,16.10
100624,2025-09-06,19,47,Partner,3,899.61,649.74,99.96
100625,2026-04-05,36,16,Online,4,2491.38,1494.82,131.12
100625,2024-04-06,13,45,Retail,5,954.44,639.50,0.00
100625,2024-11-03,30,14,Partner,6,3003.74,2084.95,530.07
100626,2025-06-02,7,43,Online,7,718.41,438.99,79.82
100626,2025-12-30,24,12,Retail,8,5085.15,3265.20,267.64
100626,2024-01-01,1,41,Partner,9,234.00,133.34,0.00
100627,2024-07-30,18,10,Online,10,1948.93,1444.50,343.93
100627,2025-02-26,35,39,Retail,11,5444.25,3326.98,604.92
100627,2025-09-25,12,8,Partner,12,2525.28,1727.82,132.91
100628,2026-04-24,29,37,Online,1,537.05,306.11,0.00
100628,2024-04-25,6,6,Retail,2,170.39,134.31,30.07
100628,2024-11-22,23,35,Partner,3,1247.77,817.96,138.64
100629,2025-06-21,40,4,Online,4,81.21,55.56,4.27
100629,2026-01-18,17,33,Retail,5,1263.02,770.41,0.00
100629,2024-01-20,34,2,Partner,6,1832.11,1444.14,323.31
100630,2024-08-18,11,31,Online,7,1101.50,771.01,122.39
100630,2025-03-17,28,60,Retail,8,3405.66,1971.70,179.25
100630,2025-10-14,5,29,Partner,9,974.25,633.21,0.00
100631,2026-05-13,22,58,Online,10,3543.44,2376.19,625.31
100631,2024-05-14,39,27,Retail,11,5346.55,3742.53,594.06
100631,2024-12-11,16,56,Partner,12,4529.44,2813.02,238.39
100632,2025-07-10,33,25,Online,1,465.48,302.55,0.00
100632,2026-02-06,10,54,Retail,2,337.01,241.85,59.47
100632,2024-02-08,27,23,Partner,3,982.81,731.63,109.20
100633,2024-09-06,4,52,Online,4,297.71,197.43,15.67
100633,2025-04-05,21,21,Retail,5,1723.55,947.98,0.00
100633,2025-11-02,38,50,Partner,6,4336.06,3111.76,765.19
100634,2026-06-01,15,19,Online,7,1580.33,1000.92,175.59
100634,2024-06-02,32,48,Retail,8,2911.93,1931.07,153.26
100634,2024-12-30,9,17,Partner,9,2170.46,1280.66,0.00
100635,2025-07-29,26,46,Online,10,3178.76,2430.82,560.96
100635,2026-02-25,3,15,Retail,11,783.45,531.08,87.05
100635,2024-02-27,20,44,Partner,12,3161.99,2230.04,166.42
100636,2024-09-25,37,13,Online,1,544.40,321.20,0.00
100636,2025-04-24,14,42,Retail,2,407.52,263.69,71.91
100636,2025-11-21,31,11,Partner,3,1902.79,1289.69,211.42
100637,2026-06-20,8,40,Online,4,554.78,332.87,29.20
100637,2024-06-21,25,9,Retail,5,1529.48,963.60,0.00
100637,2025-01-18,2,38,Partner,6,217.26,150.81,38.34
100638,2025-08-17,19,7,Online,7,2083.56,1504.84,231.51
100638,2026-03-16,36,36,Retail,8,4948.55,2969.13,260.45
100638,2024-03-17,13,5,Partner,9,1702.26,1140.56,0.00
100639,2024-10-14,30,34,Online,10,3818.80,2650.70,673.91
100639,2025-05-13,7,3,Retail,11,1317.97,805.36,146.44
100639,2025-12-10,24,32,Partner,12,7573.59,4863.04,398.61
100640,2026-07-09,1,1,Online,1,39.79,22.68,0.00
100640,2024-07-10,18,30,Retail,2,386.40,286.39,68.19
100640,2025-02-06,35,59,Partner,3,1472.97,900.13,163.66
100641,2025-09-05,12,28,Online,4,835.57,571.71,43.98
100641,2026-04-04,29,57,Retail,5,2666.92,1520.11,0.00
100641,2024-04-05,6,26,Partner,6,506.53,399.27,89.39
100642,2024-11-02,23,55,Online,7,2887.35,1892.76,320.82
100642,2025-06-01,40,24,Retail,8,161.18,110.28,8.48
100642,2025-12-29,17,53,Partner,9,4373.73,2667.88,0.00
100643,2026-07-28,34,22,Online,10,4660.39,3673.49,822.42
100643,2024-07-29,11,51,Retail,11,1458.60,1020.97,162.07
100643,2025-02-25,28,20,Partner,12,5068.11,2934.17,266.74
100644,2025-09-24,5,49,Online,1,107.46,69.84,0.00
100644,2026-04-23,22,18,Retail,2,703.89,472.02,124.22
100644,2024-04-24,39,47,Partner,3,1445.03,1011.51,160.56
100645,2024-11-21,16,16,Online,4,1255.89,779.97,66.10
100645,2025-06-20,33,45,Retail,5,2309.78,1501.33,0.00
100645,2026-01-17,10,14,Partner,6,803.16,576.39,141.73
100646,2024-01-19,27,43,Online,7,1817.33,1352.87,201.93
100646,2024-08-17,4,12,Retail,8,590.32,391.48,31.07
100646,2025-03-16,21,41,Partner,9,3078.05,1692.98,0.00
100647,2025-10-13,38,10,Online,10,5518.76,3960.52,973.90
100647,2026-05-12,15,39,Retail,11,2901.96,1837.98,322.44
100647,2024-05-13,32,8,Partner,12,5092.85,3377.37,268.04
100648,2024-12-10,9,37,Online,1,239.20,141.13,0.00
100648,2025-07-09,26,6,Retail,2,630.98,482.51,111.35
100648,2026-02-05,3,35,Partner,3,212.18,143.83,23.58
100649,2024-02-07,20,4,Online,4,1044.17,736.42,54.96
100649,2024-09-05,37,33,Retail,5,2698.92,1592.39,0.00
100649,2025-04-04,14,2,Partner,6,1213.03,784.90,214.06
100650,2025-11-01,31,31,Online,7,4407.89,2987.63,489.77
100650,2026-05-31,8,60,Retail,8,1296.64,777.98,68.24
100650,2024-06-01,25,29,Partner,9,2728.71,1719.13,0.00
100651,2024-12-29,2,58,Online,10,695.90,483.04,122.81
100651,2025-07-28,19,27,Retail,11,2762.29,1995.05,306.92
100651,2026-02-24,36,56,Partner,12,7371.52,4422.92,387.98
100652,2024-02-26,13,25,Online,1,187.39,125.56,0.00
100652,2024-09-24,30,54,Retail,2,757.33,525.68,133.65
100652,2025-04-23,7,23,Partner,3,356.67,217.95,39.63
100653,2025-11-20,24,52,Online,4,2102.21,1349.84,110.64
100653,2026-06-19,1,21,Retail,5,197.64,112.62,0.00
100653,2024-06-20,18,50,Partner,6,1149.02,851.63,202.77
100654,2025-01-17,35,19,Online,7,2727.47,1666.75,303.05
100654,2025-08-16,12,48,Retail,8,1658.78,1134.95,87.30
100654,2026-03-15,29,17,Partner,9,4767.50,2717.41,0.00
100655,2024-03-16,6,46,Online,10,836.49,659.35,147.62
100655,2024-10-13,23,15,Retail,11,3461.05,2268.85,384.56
100655,2025-05-12,40,44,Partner,12,282.25,193.12,14.86
100656,2025-12-09,17,13,Online,1,482.52,294.33,0.00
100656,2026-07-08,34,42,Retail,2,925.92,729.84,163.40
100656,2024-07-09,11,11,Partner,3,394.34,276.02,43.82
100657,2025-02-05,28,40,Online,4,1675.91,970.26,88.21
100657,2025-09-04,5,9,Retail,5,533.35,346.65,0.00
100657,2026-04-03,22,38,Partner,6,2097.26,1406.40,370.10
100658,2024-04-04,39,7,Online,7,3341.13,2338.75,371.24
100658,2024-11-01,16,36,Retail,8,2490.97,1547.02,131.10
100658,2025-05-31,33,5,Partner,9,4854.03,3155.06,0.00
100659,2025-12-28,10,34,Online,10,2575.25,1848.12,454.46
100659,2026-07-27,27,3,Retail,11,4359.25,3245.15,484.36
100659,2024-07-28,4,32,Partner,12,746.17,494.83,39.27
100660,2025-02-24,21,1,Online,1,339.30,186.62,0.00
100660,2025-09-23,38,30,Retail,2,1095.70,786.32,193.36
100660,2026-04-22,15,59,Partner,3,786.08,497.87,87.34
100661,2024-04-23,32,28,Online,4,1682.34,1115.65,88.54
100661,2024-11-20,9,57,Retail,5,994.84,586.99,0.00
100661,2025-06-19,26,26,Partner,6,1878.62,1436.59,331.52
100662,2026-01-16,3,55,Online,7,393.30,266.61,43.70
100662,2024-01-18,20,24,Retail,8,1654.96,1167.18,87.10
100662,2024-08-16,37,53,Partner,9,4816.48,2841.77,0.00
100663,2025-03-15,14,22,Online,10,2005.84,1297.90,353.97
100663,2025-10-12,31,51,Retail,11,5289.59,3585.24,587.73
100663,2026-05-11,8,20,Partner,12,1931.86,1159.12,101.68
100664,2024-05-12,25,49,Online,1,353.51,222.72,0.00
100664,2024-12-09,2,18,Retail,2,138.05,95.82,24.36
100664,2025-07-08,19,47,Partner,3,747.69,540.02,83.08
100665,2026-02-04,36,16,Online,4,2440.08,1464.04,128.43
100665,2024-02-06,13,45,Retail,5,928.23,621.94,0.00
100665,2024-09-04,30,14,Partner,6,2252.70,1563.64,397.54
100666,2025-04-03,7,43,Online,7,825.74,504.58,91.75
100666,2025-10-31,24,12,Retail,8,3210.89,2061.73,168.99
100666,2026-05-30,1,41,Partner,9,415.72,236.90,0.00
100667,2024-05-31,18,10,Online,10,2233.04,1655.08,394.07
100667,2024-12-28,35,39,Retail,11,8236.95,5033.59,915.22
100667,2025-07-27,12,8,Partner,12,2099.17,1436.27,110.48
100668,2026-02-23,29,37,Online,1,526.06,299.85,0.00
100668,2024-02-25,6,6,Retail,2,165.75,130.65,29.25
100668,2024-09-23,23,35,Partner,3,935.97,613.57,104.00
100669,2025-04-22,40,4,Online,4,93.35,63.87,4.91
100669,2025-11-19,17,33,Retail,5,2009.00,1225.45,0.00
100669,2026-06-18,34,2,Partner,6,2759.30,2174.97,486.93
100670,2024-06-19,11,31,Online,7,912.05,638.40,101.34
100670,2025-01-16,28,60,Retail,8,2659.91,1539.95,140.00
100670,2025-08-15,5,29,Partner,9,952.93,619.35,0.00
100671,2026-03-14,22,58,Online,10,3471.42,2327.89,612.60
100671,2024-03-15,39,27,Retail,11,5202.24,3641.51,578.03
100671,2024-10-12,16,56,Partner,12,2850.18,1770.11,150.01
100672,2025-05-11,33,25,Online,1,535.20,347.87,0.00
100672,2025-12-08,10,54,Retail,2,511.39,367.00,90.25
100672,2026-07-07,27,23,Partner,3,1181.03,879.19,131.23
100673,2024-07-08,4,52,Online,4,246.56,163.51,12.98
100673,2025-02-04,21,21,Retail,5,1682.98,925.67,0.00
100673,2025-09-03,38,50,Partner,6,3262.92,2341.62,575.81
100674,2026-04-02,15,19,Online,7,1821.67,1153.77,202.41
100674,2024-04-03,32,48,Retail,8,3334.11,2211.04,175.48
100674,2024-10-31,9,17,Partner,9,1366.05,806.02,0.00
100675,2025-05-30,26,46,Online,10,3655.49,2795.37,645.09
100675,2025-12-27,3,15,Retail,11,1189.00,805.99,132.11
100675,2026-07-26,20,44,Partner,12,3789.88,2672.86,199.47
100676,2024-07-27,37,13,Online,1,450.96,266.07,0.00
100676,2025-02-23,14,42,Retail,2,397.99,257.53,70.23
100676,2025-09-22,31,11,Partner,3,1432.08,970.65,159.12
100677,2026-04-21,8,40,Online,4,639.59,383.75,33.66
100677,2024-04-22,25,9,Retail,5,1751.64,1103.56,0.00
100677,2024-11-19,2,38,Partner,6,344.48,239.11,60.79
100678,2025-06-18,19,7,Online,7,1731.42,1250.50,192.38
100678,2026-01-15,36,36,Retail,8,3876.76,2326.06,204.04
100678,2024-01-17,13,5,Partner,9,1324.06,887.16,0.00
100679,2024-08-15,30,34,Online,10,3722.36,2583.76,656.89
100679,2025-03-14,7,3,Retail,11,1287.40,786.68,143.04
100679,2025-10-11,24,32,Partner,12,4781.40,3070.16,251.65
100680,2026-05-10,1,1,Online,1,45.88,26.14,0.00
100680,2024-05-11,18,30,Retail,2,442.62,328.06,78.11
100680,2024-12-08,35,59,Partner,3,2228.11,1361.59,247.57
100681,2025-07-07,12,28,Online,4,694.47,475.16,36.55
100681,2026-02-03,29,57,Retail,5,2611.99,1488.80,0.00
100681,2024-02-05,6,26,Partner,6,492.62,388.30,86.93
100682,2024-09-03,23,55,Online,7,2165.39,1419.50,240.60
100682,2025-04-02,40,24,Retail,8,185.25,126.75,9.75
100682,2025-10-30,17,53,Partner,9,2761.65,1684.55,0.00
100683,2026-05-29,34,22,Online,10,5374.17,4236.11,948.38
100683,2024-05-30,11,51,Retail,11,1671.22,1169.79,185.69
100683,2024-12-27,28,20,Partner,12,7667.77,4439.24,403.57
100684,2025-07-26,5,49,Online,1,89.33,58.06,0.00
100684,2026-02-22,22,18,Retail,2,689.48,462.36,121.67
100684,2024-02-24,39,47,Partner,3,1405.67,983.96,156.19
100685,2024-09-22,16,16,Online,4,942.06,585.07,49.58
100685,2025-04-21,33,45,Retail,5,2655.27,1725.90,0.00
100685,2025-11-18,10,14,Partner,6,1277.52,916.81,225.44
100686,2026-06-17,27,43,Online,7,2737.41,2037.80,304.16
100686,2024-06-18,4,12,Retail,8,488.78,324.14,25.73
100686,2025-01-15,21,41,Partner,9,2404.01,1322.25,0.00
100687,2025-08-14,38,10,Online,10,5397.91,3873.79,952.57
100687,2026-03-13,15,39,Retail,11,2842.95,1800.61,315.88
100687,2024-03-14,32,8,Partner,12,4955.33,3286.16,260.81
100688,2024-10-11,9,37,Online,1,150.51,88.81,0.00
100688,2025-05-10,26,6,Retail,2,725.48,554.78,128.03
100688,2025-12-07,3,35,Partner,3,321.97,218.25,35.77
100689,2026-07-06,20,4,Online,4,1254.94,885.06,66.05
100689,2024-07-07,37,33,Retail,5,2235.18,1318.78,0.00
100689,2025-02-03,14,2,Partner,6,1184.46,766.42,209.02
100690,2025-09-02,31,31,Online,7,3316.94,2248.19,368.55
100690,2026-04-01,8,60,Retail,8,1270.45,762.27,66.87
100690,2024-04-02,25,29,Partner,9,3124.30,1968.35,0.00
100691,2024-10-30,2,58,Online,10,437.98,304.01,77.29
100691,2025-05-29,19,27,Retail,11,3176.53,2294.23,352.95
100691,2025-12-26,36,56,Partner,12,11187.32,6712.39,588.81
100692,2026-07-25,13,25,Online,1,224.63,150.51,0.00
100692,2024-07-26,30,54,Retail,2,627.34,435.45,110.71
100692,2025-02-22,7,23,Partner,3,348.33,212.85,38.70
100693,2025-09-21,24,52,Online,4,1582.16,1015.91,83.27
100693,2026-04-20,1,21,Retail,5,227.85,129.84,0.00
100693,2024-04-21,18,50,Partner,6,1315.90,975.31,232.22
100694,2024-11-18,35,19,Online,7,4324.51,2642.70,480.50
100694,2025-06-17,12,48,Retail,8,1378.42,943.13,72.55
100694,2026-01-14,29,17,Partner,9,3734.89,2128.84,0.00
100695,2024-01-16,6,46,Online,10,650.64,512.86,114.82
100695,2024-08-14,23,15,Retail,11,3373.61,2211.53,374.85
100695,2025-03-13,40,44,Partner,12,275.70,188.64,14.51
100696,2025-10-10,17,13,Online,1,304.62,185.81,0.00
100696,2026-05-09,34,42,Retail,2,1067.59,841.51,188.40
100696,2024-05-10,11,11,Partner,3,451.72,316.18,50.19
100697,2024-12-07,28,40,Online,4,2535.06,1467.67,133.42
100697,2025-07-06,5,9,Retail,5,443.28,288.10,0.00
100697,2026-02-02,22,38,Partner,6,2054.04,1377.42,362.48
100698,2024-02-04,39,7,Online,7,3249.29,2274.47,361.03
100698,2024-09-02,16,36,Retail,8,1868.10,1160.19,98.32
100698,2025-04-01,33,5,Partner,9,4742.22,3082.39,0.00
100699,2025-10-29,10,34,Online,10,1626.05,1166.93,286.95
100699,2026-05-28,27,3,Retail,11,5026.86,3742.14,558.54
100699,2024-05-29,4,32,Partner,12,854.92,566.95,45.00
100700,2024-12-26,21,1,Online,1,513.34,282.35,0.00
100700,2025-07-25,38,30,Retail,2,910.80,653.63,160.73
100700,2026-02-21,15,59,Partner,3,769.99,487.68,85.55
100701,2024-02-23,32,28,Online,4,1636.49,1085.25,86.13
100701,2024-09-21,9,57,Retail,5,746.23,440.30,0.00
100701,2025-04-20,26,26,Partner,6,2159.60,1651.46,381.11
100702,2025-11-17,3,55,Online,7,625.58,424.06,69.51
100702,2026-06-16,20,24,Retail,8,2493.19,1758.35,131.22
100702,2024-06-17,37,53,Partner,9,3987.99,2352.95,0.00
100703,2025-01-14,14,22,Online,10,1566.58,1013.67,276.46
100703,2025-08-13,31,51,Retail,11,5173.71,3506.70,574.86
100703,2026-03-12,8,20,Partner,12,1892.57,1135.54,99.61
100704,2024-03-13,25,49,Online,1,343.96,216.70,0.00
100704,2024-10-10,2,18,Retail,2,86.86,60.29,15.33
100704,2025-05-09,19,47,Partner,3,859.67,620.89,95.52
100705,2025-12-06,36,16,Online,4,3702.60,2221.56,194.87
100705,2026-07-05,13,45,Retail,5,1115.74,747.58,0.00
100705,2024-07-06,30,14,Partner,6,1865.61,1294.96,329.23
100706,2025-02-02,7,43,Online,7,806.29,492.69,89.59
100706,2025-09-01,24,12,Retail,8,3141.03,2016.87,165.32
100706,2026-03-31,1,41,Partner,9,407.32,232.11,0.00
100707,2024-04-01,18,10,Online,10,2173.22,1610.74,383.51
100707,2024-10-29,35,39,Retail,11,5184.06,3167.98,576.01
100707,2025-05-28,12,8,Partner,12,2413.94,1651.65,127.05
100708,2025-12-25,29,37,Online,1,798.36,455.06,0.00
100708,2026-07-24,6,6,Retail,2,198.72,156.64,35.07
100708,2024-07-25,23,35,Partner,3,775.31,508.24,86.15
100709,2025-02-21,40,4,Online,4,91.17,62.38,4.80
100709,2025-09-20,17,33,Retail,5,1511.99,922.28,0.00
100709,2026-04-19,34,2,Partner,6,3181.04,2507.41,561.36
100710,2024-04-20,11,31,Online,7,1044.50,731.11,116.06
100710,2024-11-17,28,60,Retail,8,4217.36,2441.63,221.97
100710,2025-06-16,5,29,Partner,9,791.86,514.66,0.00
100711,2026-01-13,22,58,Online,10,2719.52,1823.68,479.91
100711,2024-01-15,39,27,Retail,11,4046.34,2832.39,449.59
100711,2024-08-13,16,56,Partner,12,2778.14,1725.37,146.22
100712,2025-03-12,33,25,Online,1,522.77,339.80,0.00
100712,2025-10-09,10,54,Retail,2,322.85,231.69,56.97
100712,2026-05-08,27,23,Partner,3,1361.72,1013.70,151.30
100713,2024-05-09,4,52,Online,4,282.43,187.29,14.86
100713,2024-12-06,21,21,Retail,5,2545.73,1400.20,0.00
100713,2025-07-05,38,50,Partner,6,2711.84,1946.15,478.56
100714,2026-02-01,15,19,Online,7,1784.12,1129.99,198.24
100714,2024-02-03,32,48,Retail,8,3242.43,2150.24,170.65
100714,2024-09-01,9,17,Partner,9,1331.79,785.81,0.00
100715,2025-03-31,26,46,Online,10,3571.25,2730.96,630.22
100715,2025-10-28,3,15,Retail,11,750.74,508.91,83.42
100715,2026-05-27,20,44,Partner,12,4370.27,3082.19,230.01
100716,2024-05-28,37,13,Online,1,516.69,304.85,0.00
100716,2024-12-25,14,42,Retail,2,602.13,389.61,106.26
100716,2025-07-24,31,11,Partner,3,1190.41,806.85,132.27
100717,2026-02-20,8,40,Online,4,626.49,375.89,32.97
100717,2024-02-22,25,9,Retail,5,1703.89,1073.47,0.00
100717,2024-09-20,2,38,Partner,6,258.40,179.36,45.60
100718,2025-04-19,19,7,Online,7,1990.36,1437.53,221.15
100718,2025-11-16,36,36,Retail,8,6166.36,3699.81,324.54
100718,2026-06-15,13,5,Partner,9,1994.97,1336.69,0.00
100719,2024-06-16,30,34,Online,10,3082.03,2139.29,543.89
100719,2025-01-13,7,3,Retail,11,1005.47,614.40,111.72
100719,2025-08-12,24,32,Partner,12,4676.62,3002.88,246.14
100720,2026-03-11,1,1,Online,1,44.95,25.61,0.00
100720,2024-03-12,18,30,Retail,2,430.66,319.19,76.00
100720,2024-10-09,35,59,Partner,3,1402.01,856.77,155.78
100721,2025-05-08,12,28,Online,4,798.46,546.32,42.02
100721,2025-12-05,29,57,Retail,5,3963.43,2259.10,0.00
100721,2026-07-04,6,26,Partner,6,592.22,466.81,104.51
100722,2024-07-05,23,55,Online,7,1793.29,1175.57,199.25
100722,2025-02-01,40,24,Retail,8,180.89,123.77,9.52
100722,2025-08-31,17,53,Partner,9,2701.55,1647.89,0.00
100723,2026-03-30,34,22,Online,10,5265.52,4150.47,929.21
100723,2024-03-31,11,51,Retail,11,1626.43,1138.44,180.71
100723,2024-10-28,28,20,Partner,12,4825.80,2793.88,253.99
100724,2025-05-27,5,49,Online,1,102.72,66.76,0.00
100724,2025-12-24,22,18,Retail,2,1046.37,701.68,184.65
100724,2026-07-23,39,47,Partner,3,1685.49,1179.82,187.28
100725,2024-07-24,16,16,Online,4,780.34,484.63,41.07
100725,2025-02-20,33,45,Retail,5,2593.16,1685.52,0.00
100725,2025-09-19,10,14,Partner,6,961.47,689.99,169.67
100726,2026-04-18,27,43,Online,7,3155.79,2349.26,350.64
100726,2024-04-19,4,12,Retail,8,559.76,371.21,29.46
100726,2024-11-16,21,41,Partner,9,3811.59,2096.44,0.00
100727,2025-06-15,38,10,Online,10,4485.50,3219.00,791.56
100727,2026-01-12,15,39,Retail,11,2227.16,1410.59,247.46
100727,2024-01-14,32,8,Partner,12,3854.24,2555.97,202.85
100728,2024-08-12,9,37,Online,1,146.71,86.56,0.00
100728,2025-03-11,26,6,Retail,2,708.64,541.90,125.05
100728,2025-10-08,3,35,Partner,3,203.26,137.79,22.58
100729,2026-05-07,20,4,Online,4,1446.93,1020.47,76.15
100729,2024-05-08,37,33,Retail,5,2560.33,1510.62,0.00
100729,2024-12-05,14,2,Partner,6,1791.64,1159.29,316.17
100730,2025-07-04,31,31,Online,7,2756.72,1868.48,306.30
100730,2026-01-31,8,60,Retail,8,995.40,597.24,52.39
100730,2024-02-02,25,29,Partner,9,3038.34,1914.20,0.00
100731,2024-08-31,2,58,Online,10,427.00,296.39,75.35
100731,2025-03-30,19,27,Retail,11,3103.31,2241.34,344.81
100731,2025-10-27,36,56,Partner,12,7063.72,4238.23,371.78
100732,2026-05-26,13,25,Online,1,259.03,173.56,0.00
100732,2024-05-27,30,54,Retail,2,718.76,498.90,126.84
100732,2024-12-24,7,23,Partner,3,526.99,322.02,58.55
100733,2025-07-23,24,52,Online,4,1315.15,844.46,69.22
100733,2026-02-19,1,21,Retail,5,223.18,127.18,0.00
100733,2024-02-21,18,50,Partner,6,1280.01,948.71,225.88
100734,2024-09-19,35,19,Online,7,3243.76,1982.26,360.42
100734,2025-04-18,12,48,Retail,8,1584.56,1084.17,83.40
100734,2025-11-15,29,17,Partner,9,5940.66,3386.10,0.00
100735,2026-06-14,6,46,Online,10,980.46,772.83,173.02
100735,2024-06-15,23,15,Retail,11,2793.25,1831.08,310.36
100735,2025-01-12,40,44,Partner,12,215.32,147.32,11.33
100736,2025-08-11,17,13,Online,1,297.95,181.74,0.00
100736,2026-03-10,34,42,Retail,2,1045.86,824.38,184.56
100736,2024-03-11,11,11,Partner,3,439.50,307.63,48.83
100737,2024-10-08,28,40,Online,4,1595.14,923.50,83.95
100737,2025-05-07,5,9,Retail,5,509.66,331.25,0.00
100737,2025-12-04,22,38,Partner,6,3116.78,2090.08,550.02
100738,2026-07-03,39,7,Online,7,3906.78,2734.71,434.09
100738,2024-07-04,16,36,Retail,8,1547.07,960.81,81.42
100738,2025-01-31,33,5,Partner,9,3704.33,2407.77,0.00
100739,2025-08-30,10,34,Online,10,1590.65,1141.52,280.70
100739,2026-03-29,27,3,Retail,11,4925.21,3666.47,547.25
100739,2024-03-30,4,32,Partner,12,832.00,551.75,43.79
100740,2024-10-27,21,1,Online,1,323.07,177.70,0.00
100740,2025-05-26,38,30,Retail,2,1047.35,751.63,184.83
100740,2025-12-23,15,59,Partner,3,1168.54,740.10,129.84
100741,2026-07-22,32,28,Online,4,1962.52,1301.46,103.29
100741,2024-07-23,9,57,Retail,5,618.12,364.71,0.00
100741,2025-02-19,26,26,Partner,6,2109.06,1612.81,372.19
100742,2025-09-18,3,55,Online,7,470.81,319.15,52.31
100742,2026-04-17,20,24,Retail,8,2874.22,2027.08,151.27
100742,2024-04-18,37,53,Partner,9,4567.02,2694.59,0.00
100743,2024-11-15,14,22,Online,10,2483.81,1607.17,438.32
100743,2025-06-14,31,51,Retail,11,4299.16,2913.93,477.68
100743,2026-01-11,8,20,Partner,12,1482.62,889.57,78.03
100744,2024-01-13,25,49,Online,1,267.53,168.55,0.00
100744,2024-08-11,2,18,Retail,2,84.67,58.77,14.94
100744,2025-03-10,19,47,Partner,3,839.70,606.47,93.30
100745,2025-10-07,36,16,Online,4,2337.48,1402.48,123.02
100745,2026-05-06,13,45,Retail,5,1286.43,861.94,0.00
100745,2024-05-07,30,14,Partner,6,2136.98,1483.31,377.11
100746,2024-12-04,7,43,Online,7,1219.59,745.24,135.51
100746,2025-07-03,24,12,Retail,8,2610.50,1676.22,137.39
100746,2026-01-30,1,41,Partner,9,319.14,181.86,0.00
100747,2024-02-01,18,10,Online,10,2113.41,1566.41,372.95
100747,2024-08-30,35,39,Retail,11,5053.97,3088.47,561.55
100747,2025-03-29,12,8,Partner,12,2358.28,1613.56,124.12
100748,2025-10-26,29,37,Online,1,504.09,287.32,0.00
100748,2026-05-25,6,6,Retail,2,229.15,180.62,40.44
100748,2024-05-26,23,35,Partner,3,888.28,582.30,98.70
100749,2024-12-23,40,4,Online,4,137.93,94.37,7.26
100749,2025-07-22,17,33,Retail,5,1256.81,766.63,0.00
100749,2026-02-18,34,2,Partner,6,3115.85,2456.03,549.86
100750,2024-02-20,11,31,Online,7,1016.00,711.16,112.89
100750,2024-09-18,28,60,Retail,8,3163.35,1831.41,166.49
100750,2025-04-17,5,29,Partner,9,910.27,591.62,0.00
100751,2025-11-14,22,58,Online,10,4325.58,2900.69,763.34
100751,2026-06-13,39,27,Retail,11,6098.34,4268.77,677.59
100751,2024-06-14,16,56,Partner,12,2300.19,1428.54,121.06
100752,2025-01-11,33,25,Online,1,408.28,265.38,0.00
100752,2025-08-10,10,54,Retail,2,315.77,226.61,55.72
100752,2026-03-09,27,23,Partner,3,1334.00,993.07,148.22
100753,2024-03-10,4,52,Online,4,274.79,182.23,14.46
100753,2024-10-07,21,21,Retail,5,1601.84,881.04,0.00
100753,2025-05-06,38,50,Partner,6,3117.89,2237.55,550.22
100754,2025-12-03,15,19,Online,7,2707.18,1714.62,300.80
100754,2026-07-02,32,48,Retail,8,3899.07,2585.70,205.21
100754,2024-07-03,9,17,Partner,9,1102.91,650.76,0.00
100755,2025-01-30,26,46,Online,10,2789.62,2133.24,492.29
100755,2025-08-29,3,15,Retail,11,734.39,497.83,81.60
100755,2026-03-28,20,44,Partner,12,4281.86,3019.84,225.36
100756,2024-03-29,37,13,Online,1,502.83,296.67,0.00
100756,2024-10-26,14,42,Retail,2,378.95,245.20,66.87
100756,2025-05-25,31,11,Partner,3,1368.87,927.81,152.10
100757,2025-12-22,8,40,Online,4,950.76,570.46,50.04
100757,2026-07-21,25,9,Retail,5,2043.62,1287.51,0.00
100757,2024-07-22,2,38,Partner,6,214.03,148.56,37.77
100758,2025-02-18,19,7,Online,7,1943.77,1403.87,215.97
100758,2025-09-17,36,36,Retail,8,4640.75,2784.45,244.25
100758,2026-04-16,13,5,Partner,9,2299.85,1540.96,0.00
100759,2024-04-17,30,34,Online,10,3529.48,2449.88,622.85
100759,2024-11-14,7,3,Retail,11,1594.14,974.12,177.13
100759,2025-06-13,24,32,Partner,12,3886.06,2495.26,204.53
100760,2026-01-10,1,1,Online,1,35.21,20.06,0.00
100760,2024-01-12,18,30,Retail,2,334.95,248.26,59.11
100760,2024-08-10,35,59,Partner,3,1366.53,835.08,151.84
100761,2025-03-09,12,28,Online,4,779.91,533.62,41.05
100761,2025-10-06,29,57,Retail,5,2502.12,1426.18,0.00
100761,2026-05-05,6,26,Partner,6,682.81,538.21,120.50
100762,2024-05-06,23,55,Online,7,2054.10,1346.54,228.23
100762,2024-12-03,40,24,Retail,8,273.61,187.21,14.40
100762,2025-07-02,17,53,Partner,9,2245.23,1369.54,0.00
100763,2026-01-29,34,22,Online,10,4125.50,3251.86,728.03
100763,2024-01-31,11,51,Retail,11,1265.31,885.68,140.59
100763,2024-08-29,28,20,Partner,12,4704.64,2723.74,247.61
100764,2025-03-28,5,49,Online,1,100.35,65.22,0.00
100764,2025-10-25,22,18,Retail,2,660.67,443.04,116.59
100764,2026-05-24,39,47,Partner,3,1943.57,1360.48,215.95
100765,2024-05-25,16,16,Online,4,894.03,555.24,47.05
100765,2024-12-22,33,45,Retail,5,3923.12,2549.98,0.00
100765,2025-07-21,10,14,Partner,6,799.19,573.54,141.03
100766,2026-02-17,27,43,Online,7,3091.09,2301.10,343.45
100766,2024-02-19,4,12,Retail,8,544.48,361.08,28.66
100766,2024-09-17,21,41,Partner,9,2858.96,1572.48,0.00
100767,2025-04-16,38,10,Online,10,5156.20,3700.33,909.92
100767,2025-11-13,15,39,Retail,11,3542.42,2243.63,393.60
100767,2026-06-12,32,8,Partner,12,5809.64,3852.71,305.77
100768,2024-06-13,9,37,Online,1,121.47,71.67,0.00
100768,2025-01-10,26,6,Retail,2,553.43,423.21,97.66
100768,2025-08-09,3,35,Partner,3,198.80,134.76,22.09
100769,2026-03-08,20,4,Online,4,1417.46,999.68,74.60
100769,2024-03-09,37,33,Retail,5,2491.03,1469.74,0.00
100769,2024-10-06,14,2,Partner,6,1127.33,729.45,198.94
100770,2025-05-05,31,31,Online,7,3169.46,2148.23,352.16
100770,2025-12-02,8,60,Retail,8,1887.98,1132.79,99.37
100770,2026-07-01,25,29,Partner,9,3654.16,2302.18,0.00
100771,2024-07-02,2,58,Online,10,353.61,245.45,62.40
100771,2025-01-29,19,27,Retail,11,2424.07,1750.77,269.34
100771,2025-08-28,36,56,Partner,12,6909.82,4145.89,363.67
100772,2026-03-27,13,25,Online,1,253.79,170.05,0.00
100772,2024-03-28,30,54,Retail,2,699.47,485.51,123.44
100772,2024-10-25,7,23,Partner,3,331.66,202.66,36.85
100773,2025-05-24,24,52,Online,4,1512.30,971.06,79.59
100773,2025-12-21,1,21,Retail,5,338.69,193.00,0.00
100773,2026-07-20,18,50,Partner,6,1535.43,1138.03,270.96
100774,2024-07-21,35,19,Online,7,2686.82,1641.92,298.54
100774,2025-02-17,12,48,Retail,8,1547.44,1058.78,81.44
100774,2025-09-16,29,17,Partner,9,4470.86,2548.33,0.00
100775,2026-04-15,6,46,Online,10,1130.29,890.93,199.46
100775,2024-04-16,23,15,Retail,11,3198.73,2096.89,355.41
100775,2024-11-13,40,44,Partner,12,341.38,233.58,17.97
100776,2025-06-12,17,13,Online,1,247.58,151.02,0.00
100776,2026-01-09,34,42,Retail,2,819.31,645.81,144.58
100776,2024-01-11,11,11,Partner,3,341.83,239.27,37.98
100777,2024-08-09,28,40,Online,4,1554.75,900.12,81.83
100777,2025-03-08,5,9,Retail,5,497.81,323.55,0.00
100777,2025-10-05,22,38,Partner,6,1967.61,1319.46,347.23
100778,2026-05-04,39,7,Online,7,4504.38,3153.02,500.49
100778,2024-05-05,16,36,Retail,8,1772.05,1100.54,93.27
100778,2024-12-02,33,5,Partner,9,7003.85,4552.42,0.00
100779,2025-07-01,10,34,Online,10,1321.96,948.70,233.29
100779,2026-01-28,27,3,Retail,11,3858.84,2872.63,428.76
100779,2024-01-30,4,32,Partner,12,647.26,429.24,34.07
100780,2024-08-28,21,1,Online,1,314.96,173.23,0.00
100780,2025-03-27,38,30,Retail,2,1023.18,734.28,180.56
100780,2025-10-24,15,59,Partner,3,737.80,467.29,81.98
100781,2026-05-23,32,28,Online,4,2263.01,1500.73,119.11
100781,2024-05-24,9,57,Retail,5,708.17,417.85,0.00
100781,2024-12-21,26,26,Partner,6,3190.71,2439.95,563.07
100782,2025-07-20,3,55,Online,7,391.34,265.28,43.48
100782,2026-02-16,20,24,Retail,8,2815.28,1985.51,148.17
100782,2024-02-18,37,53,Partner,9,4442.29,2620.99,0.00
100783,2024-09-16,14,22,Online,10,1863.01,1205.48,328.77
100783,2025-04-15,31,51,Retail,11,4941.96,3349.62,549.11
100783,2025-11-12,8,20,Partner,12,2358.18,1414.91,124.11
100784,2026-06-11,25,49,Online,1,403.31,254.09,0.00
100784,2024-06-12,2,18,Retail,2,70.10,48.66,12.37
100784,2025-01-09,19,47,Partner,3,655.78,473.64,72.86
100785,2025-08-08,36,16,Online,4,2286.18,1371.70,120.33
100785,2026-03-07,13,45,Retail,5,1260.22,844.38,0.00
100785,2024-03-08,30,14,Partner,6,2079.11,1443.15,366.90
100786,2024-10-05,7,43,Online,7,767.38,468.92,85.26
100786,2025-05-04,24,12,Retail,8,3001.32,1927.16,157.96
100786,2025-12-01,1,41,Partner,9,605.30,344.93,0.00
100787,2026-06-30,18,10,Online,10,2542.11,1884.15,448.61
100787,2024-07-01,35,39,Retail,11,4185.29,2557.63,465.03
100787,2025-01-28,12,8,Partner,12,1842.09,1260.38,96.95
100788,2025-08-27,29,37,Online,1,493.10,281.06,0.00
100788,2026-03-26,6,6,Retail,2,224.51,176.97,39.62
100788,2024-03-27,23,35,Partner,3,864.43,566.67,96.05
100789,2024-10-24,40,4,Online,4,86.81,59.39,4.57
100789,2025-05-23,17,33,Retail,5,1445.21,881.55,0.00
100789,2025-12-20,34,2,Partner,6,4728.53,3727.20,834.45
100790,2026-07-19,11,31,Online,7,1218.91,853.19,135.43
100790,2024-07-20,28,60,Retail,8,2620.19,1516.95,137.90
100790,2025-02-16,5,29,Partner,9,888.95,577.76,0.00
100791,2025-09-15,22,58,Online,10,3255.35,2183.00,574.47
100791,2026-04-14,39,27,Retail,11,7030.21,4921.07,781.13
100791,2024-04-15,16,56,Partner,12,2634.07,1635.89,138.64
100792,2024-11-12,33,25,Online,1,647.31,420.74,0.00
100792,2025-06-11,10,54,Retail,2,262.39,188.30,46.30
100792,2026-01-08,27,23,Partner,3,1045.02,777.94,116.11
100793,2024-01-10,4,52,Online,4,213.72,141.73,11.25
100793,2024-08-08,21,21,Retail,5,1561.26,858.72,0.00
100793,2025-03-07,38,50,Partner,6,3045.38,2185.51,537.42
100794,2025-10-04,15,19,Online,7,1709.02,1082.43,189.89
100794,2026-05-03,32,48,Retail,8,4495.46,2981.20,236.60
100794,2024-05-04,9,17,Partner,9,1263.29,745.39,0.00
100795,2024-12-01,26,46,Online,10,5274.33,4033.31,930.76
100795,2025-06-30,3,15,Retail,11,610.34,413.73,67.82
100795,2026-01-27,20,44,Partner,12,3354.76,2365.99,176.57
100796,2024-01-29,37,13,Online,1,391.17,230.80,0.00
100796,2024-08-27,14,42,Retail,2,369.43,239.04,65.19
100796,2025-03-26,31,11,Partner,3,1337.27,906.39,148.59
100797,2025-10-23,8,40,Online,4,600.29,360.18,31.59
100797,2026-05-22,25,9,Retail,5,2356.51,1484.63,0.00
100797,2024-05-23,2,38,Partner,6,245.21,170.21,43.27
100798,2024-12-20,19,7,Online,7,2940.61,2123.84,326.73
100798,2025-07-19,36,36,Retail,8,3857.43,2314.46,203.02
100798,2026-02-15,13,5,Partner,9,2252.67,1509.35,0.00
100799,2024-02-17,30,34,Online,10,3433.04,2382.94,605.83
100799,2024-09-15,7,3,Retail,11,1195.70,730.64,132.86
100799,2025-04-14,24,32,Partner,12,4467.05,2868.32,235.11
100800,2025-11-11,1,1,Online,1,56.00,31.91,0.00
100800,2026-06-10,18,30,Retail,2,505.03,374.32,89.12
100800,2024-06-11,35,59,Partner,3,1131.39,691.39,125.71
100801,2025-01-08,12,28,Online,4,609.08,416.74,32.06
100801,2025-08-07,29,57,Retail,5,2447.19,1394.86,0.00
100801,2026-03-06,6,26,Partner,6,668.89,527.25,118.04
100802,2024-03-07,23,55,Online,7,1998.46,1310.06,222.05
100802,2024-10-04,40,24,Retail,8,172.16,117.79,9.06
100802,2025-05-03,17,53,Partner,9,2581.34,1574.56,0.00
100803,2025-11-30,34,22,Online,10,6562.70,5172.95,1158.12
100803,2026-06-29,11,51,Retail,11,1902.74,1331.85,211.42
100803,2024-06-30,28,20,Partner,12,3895.96,2255.56,205.05
100804,2025-01-27,5,49,Online,1,78.39,50.95,0.00
100804,2025-08-26,22,18,Retail,2,646.27,433.38,114.05
100804,2026-03-25,39,47,Partner,3,1904.21,1332.93,211.58
100805,2024-03-26,16,16,Online,4,870.02,540.33,45.79
100805,2024-10-23,33,45,Retail,5,2468.93,1604.78,0.00
100805,2025-05-22,10,14,Partner,6,918.99,659.51,162.17
100806,2025-12-19,27,43,Online,7,4690.92,3492.06,521.21
100806,2026-07-18,4,12,Retail,8,653.31,433.25,34.38
100806,2024-07-19,21,41,Partner,9,2368.04,1302.46,0.00
100807,2025-02-15,38,10,Online,10,5035.35,3613.60,888.59
100807,2025-09-14,15,39,Retail,11,2665.94,1688.50,296.22
100807,2026-04-13,32,8,Partner,12,6697.34,4441.40,352.49
100808,2024-04-14,9,37,Online,1,139.10,82.07,0.00
100808,2024-11-11,26,6,Retail,2,877.43,670.97,154.84
100808,2025-06-10,3,35,Partner,3,165.19,111.98,18.35
100809,2026-01-07,20,4,Online,4,1110.39,783.12,58.44
100809,2024-01-09,37,33,Retail,5,1937.39,1143.08,0.00
100809,2024-08-07,14,2,Partner,6,1098.76,710.96,193.90
100810,2025-03-06,31,31,Online,7,3095.72,2098.25,343.97
100810,2025-10-03,8,60,Retail,8,1191.86,715.11,62.73
100810,2026-05-02,25,29,Partner,9,4213.06,2654.29,0.00
100811,2024-05-03,2,58,Online,10,405.02,281.13,71.47
100811,2024-11-30,19,27,Retail,11,3843.92,2776.24,427.10
100811,2025-06-29,36,56,Partner,12,5742.54,3445.52,302.24
100812,2026-01-26,13,25,Online,1,198.84,133.23,0.00
100812,2024-01-28,30,54,Retail,2,544.14,377.70,96.03
100812,2024-08-26,7,23,Partner,3,323.32,197.57,35.92
100813,2025-03-25,24,52,Online,4,1477.38,948.63,77.76
100813,2025-10-22,1,21,Retail,5,213.84,121.86,0.00
100813,2026-05-21,18,50,Partner,6,1770.50,1312.25,312.44
100814,2024-05-22,35,19,Online,7,3078.18,1881.07,342.02
100814,2024-12-19,12,48,Retail,8,2341.02,1601.75,123.21
100814,2025-07-18,29,17,Partner,9,3716.18,2118.17,0.00
100815,2026-02-14,6,46,Online,10,1107.09,872.65,195.37
100815,2024-02-16,23,15,Retail,11,3111.29,2039.57,345.70
100815,2024-09-14,40,44,Partner,12,256.05,175.19,13.48
100816,2025-04-13,17,13,Online,1,284.59,173.59,0.00
100816,2025-11-10,34,42,Retail,2,1303.12,1027.17,229.96
100816,2026-06-09,11,11,Partner,3,515.47,360.81,57.27
100817,2024-06-10,28,40,Online,4,1287.21,745.23,67.75
100817,2025-01-07,5,9,Retail,5,388.77,252.68,0.00
100817,2025-08-06,22,38,Partner,6,1924.40,1290.48,339.60
100818,2026-03-05,39,7,Online,7,4412.55,3088.73,490.28
100818,2024-03-06,16,36,Retail,8,1724.03,1070.71,90.74
100818,2024-10-03,33,5,Partner,9,4406.81,2864.37,0.00
100819,2025-05-02,10,34,Online,10,1519.84,1090.71,268.21
100819,2025-11-29,27,3,Retail,11,6138.45,4569.64,682.05
100819,2026-06-28,4,32,Partner,12,973.47,645.56,51.24
100820,2024-06-29,21,1,Online,1,260.82,143.45,0.00
100820,2025-01-26,38,30,Retail,2,799.21,573.55,141.04
100820,2025-08-25,15,59,Partner,3,721.71,457.10,80.19
100821,2026-03-24,32,28,Online,4,2217.17,1470.33,116.69
100821,2024-03-25,9,57,Retail,5,689.14,406.62,0.00
100821,2024-10-22,26,26,Partner,6,2007.98,1535.52,354.35
100822,2025-05-21,3,55,Online,7,450.00,305.04,50.00
100822,2025-12-18,20,24,Retail,8,4272.32,3013.11,224.86
100822,2026-07-17,37,53,Partner,9,5330.93,3145.30,0.00
100823,2024-07-18,14,22,Online,10,1543.09,998.47,272.31
100823,2025-02-14,31,51,Retail,11,4826.08,3271.07,536.23
100823,2025-09-13,8,20,Partner,12,1774.69,1064.81,93.40
100824,2026-04-12,25,49,Online,1,464.93,292.92,0.00
100824,2024-04-13,2,18,Retail,2,80.27,55.72,14.17
100824,2024-11-10,19,47,Partner,3,1039.69,750.91,115.52
100825,2025-06-09,36,16,Online,4,1899.64,1139.79,99.98
100825,2026-01-06,13,45,Retail,5,987.21,661.46,0.00
100825,2024-01-08,30,14,Partner,6,1617.00,1122.39,285.35
100826,2024-08-06,7,43,Online,7,747.93,457.03,83.10
100826,2025-03-05,24,12,Retail,8,2931.47,1882.31,154.29
100826,2025-10-02,1,41,Partner,9,382.12,217.75,0.00
100827,2026-05-01,18,10,Online,10,2930.90,2172.31,517.22
100827,2024-05-02,35,39,Retail,11,4793.78,2929.47,532.64
100827,2024-11-29,12,8,Partner,12,2921.03,1998.60,153.74
100828,2025-06-28,29,37,Online,1,409.80,233.58,0.00
100828,2026-01-25,6,6,Retail,2,175.90,138.65,31.04
100828,2024-01-27,23,35,Partner,3,672.47,440.83,74.72
100829,2024-08-25,40,4,Online,4,84.62,57.90,4.45
100829,2025-03-24,17,33,Retail,5,1411.82,861.18,0.00
100829,2025-10-21,34,2,Partner,6,2985.48,2353.26,526.85
100830,2026-05-20,11,31,Online,7,1405.51,983.81,156.17
100830,2024-05-21,28,60,Retail,8,3001.81,1737.89,157.99
100830,2024-12-18,5,29,Partner,9,1344.81,874.04,0.00
100831,2025-07-17,22,58,Online,10,2705.83,1814.50,477.50
100831,2026-02-13,39,27,Retail,11,6885.89,4820.05,765.10
100831,2024-02-15,16,56,Partner,12,2562.03,1591.15,134.84
100832,2024-09-13,33,25,Online,1,485.50,315.57,0.00
100832,2025-04-12,10,54,Retail,2,301.61,216.45,53.23
100832,2025-11-09,27,23,Partner,3,1662.11,1237.32,184.68
100833,2026-06-08,4,52,Online,4,322.32,213.75,16.96
100833,2024-06-09,21,21,Retail,5,1292.59,710.95,0.00
100833,2025-01-06,38,50,Partner,6,2378.29,1706.78,419.70
100834,2025-08-05,15,19,Online,7,1671.47,1058.64,185.72
100834,2026-03-04,32,48,Retail,8,4403.77,2920.40,231.78
100834,2024-03-05,9,17,Partner,9,1229.04,725.18,0.00
100835,2024-10-02,26,46,Online,10,3318.56,2537.72,585.63
100835,2025-05-01,3,15,Retail,11,701.69,475.66,77.97
100835,2025-11-28,20,44,Partner,12,5336.55,3763.67,280.87
100836,2026-06-27,37,13,Online,1,588.40,347.16,0.00
100836,2024-06-28,14,42,Retail,2,305.92,197.95,53.99
100836,2025-01-25,31,11,Partner,3,1044.54,707.98,116.06
100837,2025-08-24,8,40,Online,4,587.20,352.32,30.91
100837,2026-03-23,25,9,Retail,5,2308.75,1454.55,0.00
100837,2024-03-24,2,38,Partner,6,238.62,165.63,42.11
100838,2024-10-21,19,7,Online,7,1850.57,1336.56,205.62
100838,2025-05-20,36,36,Retail,8,4435.55,2661.33,233.45
100838,2025-12-17,13,5,Partner,9,3418.51,2290.50,0.00
100839,2026-07-16,30,34,Online,10,4120.36,2860.01,727.12
100839,2024-07-17,7,3,Retail,11,990.36,605.17,110.04
100839,2025-02-13,24,32,Partner,12,4362.27,2801.04,229.59
100840,2025-09-12,1,1,Online,1,42.15,24.02,0.00
100840,2026-04-11,18,30,Retail,2,582.19,431.51,102.74
100840,2024-04-12,35,59,Partner,3,1295.57,791.72,143.95
100841,2024-11-09,12,28,Online,4,965.64,660.70,50.82
100841,2025-06-08,29,57,Retail,5,2033.41,1159.02,0.00
100841,2026-01-05,6,26,Partner,6,523.98,413.02,92.47
100842,2024-01-07,23,55,Online,7,1554.25,1018.87,172.69
100842,2024-08-05,40,24,Retail,8,167.79,114.80,8.83
100842,2025-03-04,17,53,Partner,9,2521.24,1537.90,0.00
100843,2025-10-01,34,22,Online,10,4939.58,3893.55,871.69
100843,2026-04-30,11,51,Retail,11,2193.73,1535.54,243.75
100843,2024-05-01,28,20,Partner,12,4462.33,2583.45,234.86
100844,2024-11-28,5,49,Online,1,124.30,80.78,0.00
100844,2025-06-27,22,18,Retail,2,537.08,360.16,94.78
100844,2026-01-24,39,47,Partner,3,1491.88,1044.30,165.76
100845,2024-01-26,16,16,Online,4,676.80,420.33,35.62
100845,2024-08-24,33,45,Retail,5,2406.82,1564.40,0.00
100845,2025-03-23,10,14,Partner,6,897.75,644.26,158.43
100846,2025-10-20,27,43,Online,7,2961.71,2204.78,329.08
100846,2026-05-19,4,12,Retail,8,753.32,499.57,39.65
100846,2024-05-20,21,41,Partner,9,2712.90,1492.14,0.00
100847,2024-12-17,38,10,Online,10,7617.47,5466.65,1344.26
100847,2025-07-16,15,39,Retail,11,2215.89,1403.46,246.21
100847,2026-02-12,32,8,Partner,12,6559.81,4350.19,345.25
100848,2024-02-14,9,37,Online,1,135.29,79.83,0.00
100848,2024-09-12,26,6,Retail,2,658.10,503.25,116.13
100848,2025-04-11,3,35,Partner,3,189.88,128.72,21.10
100849,2025-11-08,20,4,Online,4,1766.08,1245.55,92.95
100849,2026-06-07,37,33,Retail,5,2922.36,1724.22,0.00
100849,2024-06-08,14,2,Partner,6,909.67,588.61,160.53
100850,2025-01-05,31,31,Online,7,2417.58,1638.62,268.62
100850,2025-08-04,8,60,Retail,8,1165.66,699.40,61.35
100850,2026-03-03,25,29,Partner,9,4127.10,2600.14,0.00
100851,2024-03-04,2,58,Online,10,394.04,273.51,69.54
100851,2024-10-01,19,27,Retail,11,2883.64,2082.69,320.40
100851,2025-04-30,36,56,Partner,12,6602.02,3961.21,347.48
100852,2025-11-27,13,25,Online,1,316.30,211.93,0.00
100852,2026-06-26,30,54,Retail,2,818.61,568.21,144.46
100852,2024-06-27,7,23,Partner,3,267.74,163.60,29.75
100853,2025-01-24,24,52,Online,4,1153.96,740.96,60.73
100853,2025-08-23,1,21,Retail,5,209.18,119.20,0.00
100853,2026-03-22,18,50,Partner,6,1734.61,1285.65,306.11
100854,2024-03-23,35,19,Online,7,2995.39,1830.48,332.82
100854,2024-10-20,12,48,Retail,8,1473.22,1008.00,77.54
100854,2025-05-19,29,17,Partner,9,4273.09,2435.61,0.00
100855,2025-12-16,6,46,Online,10,1680.04,1324.27,296.48
100855,2026-07-15,23,15,Retail,11,3734.70,2448.23,414.97
100855,2024-07-16,40,44,Partner,12,212.08,145.11,11.16
100856,2025-02-12,17,13,Online,1,277.91,169.52,0.00
100856,2025-09-11,34,42,Retail,2,980.67,773.00,173.06
100856,2026-04-10,11,11,Partner,3,594.22,415.93,66.02
100857,2024-04-11,28,40,Online,4,1473.98,853.36,77.58
100857,2024-11-08,5,9,Retail,5,616.35,400.59,0.00
100857,2025-06-07,22,38,Partner,6,1599.01,1072.28,282.18
100858,2026-01-04,39,7,Online,7,3456.57,2419.56,384.06
100858,2024-01-06,16,36,Retail,8,1340.80,832.71,70.57
100858,2024-08-04,33,5,Partner,9,4295.00,2791.70,0.00
100859,2025-03-03,10,34,Online,10,1484.44,1065.30,261.96
100859,2025-09-30,27,3,Retail,11,4620.23,3439.43,513.36
100859,2026-04-29,4,32,Partner,12,1122.34,744.29,59.07
100860,2024-04-30,21,1,Online,1,298.73,164.31,0.00
100860,2024-11-27,38,30,Retail,2,1267.29,909.47,223.64
100860,2025-06-26,15,59,Partner,3,599.77,379.87,66.64
100861,2026-01-23,32,28,Online,4,1737.06,1151.94,91.42
100861,2024-01-25,9,57,Retail,5,536.09,316.31,0.00
100861,2024-08-23,26,26,Partner,6,1957.44,1496.87,345.43
100862,2025-03-22,3,55,Online,7,439.59,297.99,48.84
100862,2025-10-19,20,24,Retail,8,2697.40,1902.38,141.97
100862,2026-05-18,37,53,Partner,9,6146.95,3626.76,0.00
100863,2024-05-19,14,22,Online,10,1767.79,1143.87,311.96
100863,2024-12-16,31,51,Retail,11,7300.81,4948.43,811.20
100863,2025-07-15,8,20,Partner,12,1475.09,885.05,77.64
100864,2026-02-11,25,49,Online,1,455.38,286.90,0.00
100864,2024-02-13,2,18,Retail,2,78.07,54.19,13.78
100864,2024-09-11,19,47,Partner,3,779.79,563.20,86.64
100865,2025-04-10,36,16,Online,4,2183.58,1310.14,114.93
100865,2025-11-07,13,45,Retail,5,1570.14,1052.04,0.00
100865,2026-06-06,30,14,Partner,6,2439.43,1693.25,430.49
100866,2024-06-07,7,43,Online,7,619.20,378.37,68.80
100866,2025-01-04,24,12,Retail,8,2289.29,1469.96,120.49
100866,2025-08-03,1,41,Partner,9,373.72,212.96,0.00
100867,2026-03-02,18,10,Online,10,2871.08,2127.98,506.66
100867,2024-03-03,35,39,Retail,11,4663.68,2849.97,518.19
100867,2024-09-30,12,8,Partner,12,2191.28,1499.30,115.33
100868,2025-04-29,29,37,Online,1,471.13,268.54,0.00
100868,2025-11-26,6,6,Retail,2,279.80,220.55,49.38
100868,2026-06-25,23,35,Partner,3,1011.80,663.27,112.42
100869,2024-06-26,40,4,Online,4,70.07,47.95,3.69
100869,2025-01-23,17,33,Retail,5,1102.74,672.65,0.00
100869,2025-08-22,34,2,Partner,6,2920.29,2301.88,515.35
100870,2026-03-21,11,31,Online,7,1377.01,963.86,153.00
100870,2024-03-22,28,60,Retail,8,2921.04,1691.13,153.74
100870,2024-10-19,5,29,Partner,9,846.29,550.04,0.00
100871,2025-05-18,22,58,Online,10,3111.30,2086.40,549.05
100871,2025-12-15,39,27,Retail,11,10449.45,7314.50,1161.05
100871,2026-07-14,16,56,Partner,12,3075.80,1910.23,161.88
100872,2024-07-15,33,25,Online,1,402.12,261.37,0.00
100872,2025-02-11,10,54,Retail,2,294.53,211.37,51.98
100872,2025-09-10,27,23,Partner,3,1250.82,931.15,138.98
100873,2026-04-09,4,52,Online,4,371.57,246.41,19.56
100873,2024-04-10,21,21,Retail,5,1480.12,814.09,0.00
100873,2024-11-07,38,50,Partner,6,3770.46,2705.86,665.38
100874,2025-06-06,15,19,Online,7,1388.83,879.63,154.31
100874,2026-01-03,32,48,Retail,8,3449.67,2287.68,181.56
100874,2024-01-05,9,17,Partner,9,955.83,563.97,0.00
100875,2024-08-03,26,46,Online,10,3234.33,2473.31,570.76
100875,2025-03-02,3,15,Retail,11,685.34,464.57,76.15
100875,2025-09-29,20,44,Partner,12,4016.63,2832.78,211.40
100876,2026-04-28,37,13,Online,1,678.37,400.25,0.00
100876,2024-04-29,14,42,Retail,2,350.38,226.72,61.83
100876,2024-11-26,31,11,Partner,3,1656.29,1122.62,184.03
100877,2025-06-25,8,40,Online,4,487.98,292.79,25.68
100877,2026-01-22,25,9,Retail,5,1808.80,1139.57,0.00
100877,2024-01-24,2,38,Partner,6,185.62,128.84,32.76
100878,2024-08-22,19,7,Online,7,1803.98,1302.91,200.44
100878,2025-03-21,36,36,Retail,8,4332.95,2599.77,228.05
100878,2025-10-18,13,5,Partner,9,2158.31,1446.13,0.00
100879,2026-05-17,30,34,Online,10,4751.04,3297.78,838.42
100879,2024-05-18,7,3,Retail,11,1134.56,693.28,126.06
100879,2024-12-15,24,32,Partner,12,6599.11,4237.32,347.32
100880,2025-07-14,1,1,Online,1,35.03,19.96,0.00
100880,2026-02-10,18,30,Retail,2,570.23,422.64,100.63
100880,2024-02-12,35,59,Partner,3,1260.09,770.04,140.01
100881,2024-09-10,12,28,Online,4,724.24,495.53,38.12
100881,2025-04-09,29,57,Retail,5,2337.32,1332.24,0.00
100881,2025-11-06,6,26,Partner,6,833.38,656.90,147.07
100882,2026-06-05,23,55,Online,7,2345.09,1537.30,260.57
100882,2024-06-06,40,24,Retail,8,138.91,95.04,7.31
100882,2025-01-03,17,53,Partner,9,1968.91,1200.99,0.00
100883,2025-08-02,34,22,Online,10,4830.94,3807.91,852.52
100883,2026-03-01,11,51,Retail,11,2148.95,1504.19,238.77
100883,2024-03-02,28,20,Partner,12,4341.17,2513.31,228.48
100884,2024-09-29,5,49,Online,1,93.24,60.60,0.00
100884,2025-04-28,22,18,Retail,2,617.46,414.06,108.96
100884,2025-11-25,39,47,Partner,3,2373.14,1661.17,263.68
100885,2026-06-24,16,16,Online,4,1018.46,632.52,53.60
100885,2024-06-25,33,45,Retail,5,1993.00,1295.42,0.00
100885,2025-01-22,10,14,Partner,6,701.20,503.22,123.74
100886,2025-08-21,27,43,Online,7,2897.02,2156.62,321.89
100886,2026-03-20,4,12,Retail,8,738.04,489.43,38.84
100886,2024-03-21,21,41,Partner,9,2639.87,1451.98,0.00
100887,2024-10-18,38,10,Online,10,4793.64,3440.14,845.94
100887,2025-05-17,15,39,Retail,11,2547.93,1613.75,283.10
100887,2025-12-14,32,8,Partner,12,9954.54,6601.44,523.92
100888,2026-07-13,9,37,Online,1,162.44,95.85,0.00
100888,2024-07-14,26,6,Retail,2,545.06,416.81,96.19
100888,2025-02-10,3,35,Partner,3,185.42,125.69,20.60
100889,2025-09-09,20,4,Online,4,1329.05,937.33,69.95
100889,2026-04-08,37,33,Retail,5,3368.77,1987.61,0.00
100889,2024-04-09,14,2,Partner,6,1041.63,674.00,183.82
100890,2024-11-06,31,31,Online,7,3832.71,2597.78,425.86
100890,2025-06-05,8,60,Retail,8,968.55,581.13,50.98
100890,2026-01-02,25,29,Partner,9,3232.92,2036.79,0.00
100891,2024-01-04,2,58,Online,10,306.44,212.71,54.08
100891,2024-08-02,19,27,Retail,11,2810.41,2029.80,312.27
100891,2025-03-01,36,56,Partner,12,6448.12,3868.87,339.38
100892,2025-09-28,13,25,Online,1,238.07,159.51,0.00
100892,2026-04-27,30,54,Retail,2,943.78,655.09,166.55
100892,2024-04-28,7,23,Partner,3,306.65,187.38,34.07
100893,2024-11-25,24,52,Online,4,1829.78,1174.91,96.30
100893,2025-06-24,1,21,Retail,5,173.83,99.06,0.00
100893,2026-01-21,18,50,Partner,6,1358.98,1007.24,239.82
100894,2024-01-23,35,19,Online,7,2330.08,1423.91,258.90
100894,2024-08-21,12,48,Retail,8,1436.11,982.60,75.58
100894,2025-03-20,29,17,Partner,9,4174.21,2379.25,0.00
100895,2025-10-17,6,46,Online,10,1060.70,836.08,187.18
100895,2026-05-16,23,15,Retail,11,4306.32,2822.95,478.48
100895,2024-05-17,40,44,Partner,12,242.95,166.23,12.79
100896,2024-12-14,17,13,Online,1,420.41,256.44,0.00
100896,2025-07-13,34,42,Retail,2,815.10,642.49,143.84
100896,2026-02-09,11,11,Partner,3,582.00,407.38,64.67
100897,2024-02-11,28,40,Online,4,1433.60,829.98,75.45
100897,2024-09-09,5,9,Retail,5,462.26,300.44,0.00
100897,2025-04-08,22,38,Partner,6,1837.97,1232.52,324.35
100898,2025-11-05,39,7,Online,7,5497.54,3848.21,610.84
100898,2026-06-04,16,36,Retail,8,2023.32,1256.59,106.49
100898,2024-06-05,33,5,Partner,9,3555.72,2311.17,0.00
100899,2025-01-02,10,34,Online,10,1159.23,831.92,204.57
100899,2025-08-01,27,3,Retail,11,4518.57,3363.75,502.06
100899,2026-02-28,4,32,Partner,12,1099.41,729.09,57.86
100900,2024-03-01,21,1,Online,1,290.61,159.84,0.00
100900,2024-09-28,38,30,Retail,2,950.67,682.25,167.77
100900,2025-04-27,15,59,Partner,3,689.52,436.72,76.61
100901,2025-11-24,32,28,Online,4,2763.13,1832.39,145.43
100901,2026-06-23,9,57,Retail,5,806.83,476.06,0.00
100901,2024-06-24,26,26,Partner,6,1620.87,1239.49,286.04
100902,2025-01-21,3,55,Online,7,343.35,232.75,38.15
100902,2025-08-20,20,24,Retail,8,2638.46,1860.81,138.87
100902,2026-03-19,37,53,Partner,9,6022.22,3553.17,0.00
100903,2024-03-20,14,22,Online,10,1720.19,1113.06,303.56
100903,2024-10-17,31,51,Retail,11,4594.32,3113.99,510.48
100903,2025-05-16,8,20,Partner,12,1696.10,1017.66,89.27
100904,2025-12-13,25,49,Online,1,691.04,435.37,0.00
100904,2026-07-12,2,18,Retail,2,93.76,65.08,16.55
100904,2024-07-13,19,47,Partner,3,645.85,466.46,71.76
100905,2025-02-09,36,16,Online,4,2132.28,1279.36,112.22
100905,2025-09-08,13,45,Retail,5,1181.59,791.70,0.00
100905,2026-04-07,30,14,Partner,6,2812.05,1951.89,496.24
100906,2024-04-08,7,43,Online,7,709.02,433.26,78.78
100906,2024-11-05,24,12,Retail,8,3629.28,2330.38,191.01
100906,2025-06-04,1,41,Partner,9,310.52,176.95,0.00
100907,2026-01-01,18,10,Online,10,2249.01,1666.91,396.88
100907,2024-01-03,35,39,Retail,11,3626.87,2216.38,402.99
100907,2024-08-01,12,8,Partner,12,2135.61,1461.21,112.40
100908,2025-02-28,29,37,Online,1,460.14,262.27,0.00
100908,2025-09-27,6,6,Retail,2,210.59,166.00,37.16
100908,2026-04-26,23,35,Partner,3,1166.50,764.69,129.61
100909,2024-04-27,40,4,Online,4,80.26,54.91,4.22
100909,2024-11-24,17,33,Retail,5,1748.55,1066.58,0.00
100909,2025-06-23,34,2,Partner,6,2426.84,1912.92,428.27
100910,2026-01-20,11,31,Online,7,1078.81,755.13,119.87
100910,2024-01-22,28,60,Retail,8,2272.22,1315.49,119.59
100910,2024-08-20,5,29,Partner,9,824.96,536.18,0.00
100911,2025-03-19,22,58,Online,10,3039.28,2038.10,536.34
100911,2025-10-16,39,27,Retail,11,6597.27,4618.02,733.03
100911,2026-05-15,16,56,Partner,12,3546.55,2202.60,186.66
100912,2024-05-16,33,25,Online,1,460.66,299.42,0.00
100912,2024-12-13,10,54,Retail,2,445.54,319.74,78.63
100912,2025-07-12,27,23,Partner,3,1039.63,773.93,115.51
100913,2026-02-08,4,52,Online,4,363.92,241.34,19.15
100913,2024-02-10,21,21,Retail,5,1439.55,791.78,0.00
100913,2024-09-08,38,50,Partner,6,2827.84,2029.39,499.03
100914,2025-04-07,15,19,Online,7,1596.37,1011.08,177.37
100914,2025-11-04,32,48,Retail,8,5486.52,3638.43,288.76
100914,2026-06-03,9,17,Partner,9,1442.58,851.18,0.00
100915,2024-06-04,26,46,Online,10,2677.58,2047.56,472.51
100915,2025-01-01,3,15,Retail,11,535.19,362.79,59.47
100915,2025-07-31,20,44,Partner,12,3338.98,2354.86,175.74
100916,2026-02-27,37,13,Online,1,664.52,392.07,0.00
100916,2024-02-29,14,42,Retail,2,340.86,220.56,60.15
100916,2024-09-27,31,11,Partner,3,1242.46,842.13,138.05
100917,2025-04-26,8,40,Online,4,561.00,336.60,29.53
100917,2025-11-23,25,9,Retail,5,2877.22,1812.69,0.00
100917,2026-06-22,2,38,Partner,6,279.40,193.94,49.31
100918,2024-06-23,19,7,Online,7,1493.77,1078.87,165.97
100918,2025-01-20,36,36,Retail,8,3384.28,2030.57,178.12
100918,2025-08-19,13,5,Partner,9,2111.14,1414.52,0.00
100919,2026-03-18,30,34,Online,10,4654.60,3230.84,821.40
100919,2024-03-19,7,3,Retail,11,1103.99,674.60,122.67
100919,2024-10-16,24,32,Partner,12,4152.70,2666.47,218.56
100920,2025-05-15,1,1,Online,1,40.28,22.95,0.00
100920,2025-12-12,18,30,Retail,2,865.31,641.35,152.70
100920,2026-07-11,35,59,Partner,3,1513.40,924.84,168.16
100921,2024-07-12,12,28,Online,4,599.83,410.41,31.57
100921,2025-02-08,29,57,Retail,5,2282.39,1300.93,0.00
100921,2025-09-07,6,26,Partner,6,627.14,494.34,110.67
100922,2026-04-06,23,55,Online,7,2703.29,1772.11,300.37
100922,2024-04-07,40,24,Retail,8,159.06,108.83,8.37
100922,2024-11-04,17,53,Partner,9,3121.34,1903.95,0.00
100923,2025-06-03,34,22,Online,10,4013.95,3163.93,708.34
100923,2025-12-31,11,51,Retail,11,3261.45,2282.90,362.38
100923,2024-01-02,28,20,Partner,12,3376.02,1954.54,177.69
100924,2024-07-31,5,49,Online,1,77.24,50.20,0.00
100924,2025-02-27,22,18,Retail,2,603.05,404.40,106.42
100924,2025-09-26,39,47,Partner,3,1786.14,1250.28,198.46
100925,2026-04-25,16,16,Online,4,1174.18,729.23,61.80
100925,2024-04-26,33,45,Retail,5,2282.59,1483.66,0.00
100925,2024-11-23,10,14,Partner,6,1111.84,797.91,196.21
100926,2025-06-22,27,43,Online,7,2407.48,1792.19,267.50
100926,2026-01-19,4,12,Retail,8,578.20,383.44,30.43
100926,2024-01-21,21,41,Partner,9,2053.47,1129.45,0.00
100927,2024-08-19,38,10,Online,10,4672.79,3353.41,824.61
100927,2025-03-18,15,39,Retail,11,2488.92,1576.38,276.55
100927,2025-10-15,32,8,Partner,12,6284.76,4167.79,330.78
100928,2026-05-14,9,37,Online,1,187.30,110.52,0.00
100928,2024-05-15,26,6,Retail,2,624.40,477.49,110.19
100928,2024-12-12,3,35,Partner,3,280.50,190.14,31.17
100929,2025-07-11,20,4,Online,4,1104.64,779.07,58.14
100929,2026-02-07,37,33,Retail,5,3299.48,1946.73,0.00
100929,2024-02-09,14,2,Partner,6,1013.07,655.51,178.78
100930,2024-09-07,31,31,Online,7,2874.50,1948.31,319.39
100930,2025-04-06,8,60,Retail,8,1113.27,667.96,58.59
100930,2025-11-03,25,29,Partner,9,5141.75,3239.38,0.00
100931,2026-06-02,2,58,Online,10,462.56,321.07,81.63
100931,2024-06-03,19,27,Retail,11,2326.61,1680.38,258.51
100931,2024-12-31,36,56,Partner,12,9756.05,5853.63,513.48
100932,2025-07-30,13,25,Online,1,197.90,132.60,0.00
100932,2026-02-26,30,54,Retail,2,924.49,641.71,163.15
100932,2024-02-28,7,23,Partner,3,298.31,182.28,33.15
100933,2024-09-26,24,52,Online,4,1372.59,881.35,72.24
100933,2025-04-25,1,21,Retail,5,199.84,113.88,0.00
100933,2025-11-22,18,50,Partner,6,2161.68,1602.19,381.47
100934,2026-06-21,35,19,Online,7,3507.81,2143.62,389.76
100934,2024-06-22,12,48,Retail,8,1189.15,813.63,62.59
100934,2025-01-19,29,17,Partner,9,3260.27,1858.31,0.00
100935,2025-08-18,6,46,Online,10,1037.51,817.80,183.09
100935,2026-03-17,23,15,Retail,11,4218.88,2765.63,468.76
100935,2024-03-18,40,44,Partner,12,236.40,161.75,12.44
100936,2024-10-15,17,13,Online,1,264.56,161.37,0.00
100936,2025-05-14,34,42,Retail,2,937.21,738.75,165.39
100936,2025-12-11,11,11,Partner,3,883.17,618.19,98.13
100937,2026-07-10,28,40,Online,4,1722.02,996.96,90.63
100937,2024-07-11,5,9,Retail,5,382.85,248.83,0.00
100937,2025-02-07,22,38,Partner,6,1794.76,1203.54,316.72
100938,2025-09-06,39,7,Online,7,4137.04,2895.88,459.67
100938,2026-04-05,16,36,Retail,8,2332.35,1448.51,122.76
100938,2024-04-06,33,5,Partner,9,4071.39,2646.36,0.00
100939,2024-11-03,10,34,Online,10,1837.73,1318.84,324.31
100939,2025-06-02,27,3,Retail,11,3754.37,2794.86,417.15
100939,2025-12-30,4,32,Partner,12,1668.56,1106.52,87.82
100940,2024-01-01,21,1,Online,1,226.00,124.30,0.00
100940,2024-07-30,38,30,Retail,2,787.53,565.17,138.98
100940,2025-02-26,15,59,Partner,3,673.43,426.53,74.83
100941,2025-09-25,32,28,Online,4,2079.64,1379.13,109.45
100941,2026-04-24,9,57,Retail,5,930.18,548.84,0.00
100941,2024-04-25,26,26,Partner,6,1856.37,1419.57,327.59
100942,2024-11-22,3,55,Online,7,544.42,369.05,60.49
100942,2025-06-21,20,24,Retail,8,2192.59,1546.35,115.40
100942,2026-01-18,37,53,Partner,9,4717.99,2783.66,0.00
100943,2024-01-20,14,22,Online,10,1338.06,865.80,236.13
100943,2024-08-18,31,51,Retail,11,4478.45,3035.45,497.61
100943,2025-03-17,8,20,Partner,12,1656.81,994.08,87.20
100944,2025-10-14,25,49,Online,1,436.28,274.86,0.00
100944,2026-05-13,2,18,Retail,2,108.11,75.04,19.08
100944,2024-05-14,19,47,Partner,3,739.85,534.35,82.21
100945,2024-12-11,36,16,Online,4,3225.51,1935.31,169.76
100945,2025-07-10,13,45,Retail,5,982.07,658.02,0.00
100945,2026-02-06,30,14,Partner,6,2754.19,1911.73,486.03
100946,2024-02-08,7,43,Online,7,689.57,421.37,76.62
100946,2024-09-06,24,12,Retail,8,2721.90,1747.75,143.26
100946,2025-04-05,1,41,Partner,9,356.91,203.39,0.00
100947,2025-11-02,18,10,Online,10,3576.88,2651.10,631.21
100947,2026-06-01,35,39,Retail,11,5475.41,3346.01,608.38
100947,2024-06-02,12,8,Partner,12,1767.96,1209.65,93.05
100948,2024-12-30,29,37,Online,1,696.19,396.82,0.00
100948,2025-07-29,6,6,Retail,2,175.06,137.99,30.89
100948,2026-02-25,23,35,Partner,3,1142.65,749.05,126.96
100949,2024-02-27,40,4,Online,4,78.07,53.42,4.11
100949,2024-09-25,17,33,Retail,5,1311.65,800.08,0.00
100949,2025-04-24,34,2,Partner,6,2789.92,2199.11,492.34
100950,2025-11-21,11,31,Online,7,1716.01,1201.15,190.67
100950,2026-06-20,28,60,Retail,8,3421.16,1980.67,180.06
100950,2024-06-21,5,29,Partner,9,683.09,443.97,0.00
100951,2025-01-18,22,58,Online,10,2373.80,1591.84,418.91
100951,2025-08-17,39,27,Retail,11,6452.95,4517.00,716.99
100951,2026-03-16,16,56,Partner,12,3474.51,2157.86,182.87
100952,2024-03-17,33,25,Online,1,448.24,291.35,0.00
100952,2024-10-14,10,54,Retail,2,280.37,201.20,49.48
100952,2025-05-13,27,23,Partner,3,1195.37,889.87,132.82
100953,2025-12-10,4,52,Online,4,552.24,366.22,29.07
100953,2026-07-09,21,21,Retail,5,1729.41,951.21,0.00
100953,2024-07-10,38,50,Partner,6,2342.03,1680.75,413.30
100954,2025-02-06,15,19,Online,7,1558.83,987.30,173.20
100954,2025-09-05,32,48,Retail,8,4128.72,2737.99,217.30
100954,2026-04-04,9,17,Partner,9,1662.90,981.18,0.00
100955,2024-04-05,26,46,Online,10,3065.87,2344.49,541.04
100955,2024-11-02,3,15,Retail,11,848.43,575.13,94.27
100955,2025-06-01,20,44,Partner,12,3263.83,2301.86,171.78
100956,2025-12-29,37,13,Online,1,1008.52,595.04,0.00
100956,2026-07-28,14,42,Retail,2,408.44,264.28,72.08
100956,2024-07-29,31,11,Partner,3,1029.23,697.60,114.36
100957,2025-02-25,8,40,Online,4,547.90,328.74,28.84
100957,2025-09-24,25,9,Retail,5,2165.49,1364.29,0.00
100957,2026-04-23,2,38,Partner,6,322.12,223.59,56.84
100958,2024-04-24,19,7,Online,7,1710.78,1235.60,190.09
100958,2024-11-21,36,36,Retail,8,5366.08,3219.64,282.42
100958,2025-06-20,13,5,Partner,9,1754.36,1175.47,0.00
100959,2026-01-17,30,34,Online,10,3646.53,2531.12,643.51
100959,2024-01-19,7,3,Retail,11,858.74,524.74,95.42
100959,2024-08-17,24,32,Partner,12,4047.92,2599.19,213.05
100960,2025-03-16,1,1,Online,1,39.35,22.42,0.00
100960,2025-10-13,18,30,Retail,2,546.30,404.91,96.41
100960,2026-05-12,35,59,Partner,3,1744.99,1066.36,193.89
100961,2024-05-13,12,28,Online,4,687.13,470.14,36.16
100961,2024-12-10,29,57,Retail,5,3452.55,1967.91,0.00
100961,2025-07-09,6,26,Partner,6,521.24,410.86,91.98
100962,2026-02-05,23,55,Online,7,2647.64,1735.63,294.18
100962,2024-02-07,40,24,Retail,8,154.69,105.84,8.14
100962,2024-09-05,17,53,Partner,9,2340.93,1427.92,0.00
100963,2025-04-04,34,22,Online,10,4613.64,3636.64,814.17
100963,2025-11-01,11,51,Retail,11,2677.18,1873.93,297.46
100963,2026-05-31,28,20,Partner,12,5996.96,3471.93,315.63
100964,2024-06-01,5,49,Online,1,75.23,48.89,0.00
100964,2024-12-29,22,18,Retail,2,912.41,611.85,161.01
100964,2025-07-28,39,47,Partner,3,1484.76,1039.32,164.97
100965,2026-02-24,16,16,Online,4,1150.17,714.31,60.54
100965,2024-02-26,33,45,Retail,5,2220.47,1443.28,0.00
100965,2024-09-24,10,14,Partner,6,834.02,598.53,147.18
100966,2025-04-23,27,43,Online,7,2767.63,2060.31,307.51
100966,2025-11-20,4,12,Retail,8,919.72,609.92,48.41
100966,2026-06-19,21,41,Partner,9,3092.25,1700.79,0.00
100967,2024-06-20,38,10,Online,10,3869.14,2776.68,682.79
100967,2025-01-17,15,39,Retail,11,1943.93,1231.21,215.99
100967,2025-08-16,32,8,Partner,12,6147.23,4076.59,323.54
100968,2026-03-15,9,37,Online,1,183.50,108.27,0.00
100968,2024-03-16,26,6,Retail,2,607.56,464.60,107.22
100968,2024-10-13,3,35,Partner,3,176.51,119.65,19.61
100969,2025-05-12,20,4,Online,4,1270.11,895.76,66.85
100969,2025-12-09,37,33,Retail,5,5006.78,2954.05,0.00
100969,2026-07-08,14,2,Partner,6,1217.22,787.61,214.80
100970,2024-07-09,31,31,Online,7,2380.65,1613.58,264.52
100970,2025-02-05,8,60,Retail,8,1087.07,652.24,57.21
100970,2025-09-04,25,29,Partner,9,3869.24,2437.68,0.00
100971,2026-04-03,2,58,Online,10,533.20,370.10,94.09
100971,2024-04-04,19,27,Retail,11,2663.97,1924.03,296.00
100971,2024-11-01,36,56,Partner,12,7982.42,4789.45,420.13
100972,2025-05-31,13,25,Online,1,227.58,152.49,0.00
100972,2025-12-28,30,54,Retail,2,1403.07,973.89,247.60
100972,2026-07-27,7,23,Partner,3,357.50,218.45,39.72
100973,2024-07-28,24,52,Online,4,1137.01,730.08,59.84
100973,2025-02-24,1,21,Retail,5,195.17,111.22,0.00
100973,2025-09-23,18,50,Partner,6,1626.94,1205.85,287.11
100974,2026-04-22,35,19,Online,7,4044.04,2471.31,449.34
100974,2024-04-23,12,48,Retail,8,1361.89,931.82,71.68
100974,2024-11-20,29,17,Partner,9,5169.39,2946.48,0.00
100975,2025-06-19,6,46,Online,10,862.17,679.59,152.15
100975,2026-01-16,23,15,Retail,11,3305.15,2166.65,367.24
100975,2024-01-18,40,44,Partner,12,183.88,125.82,9.68
100976,2024-08-16,17,13,Online,1,257.88,157.30,0.00
100976,2025-03-15,34,42,Retail,2,915.49,721.62,161.56
100976,2025-10-12,11,11,Partner,3,557.58,390.28,61.95
100977,2026-05-11,28,40,Online,4,1985.53,1149.52,104.50
100977,2024-05-12,5,9,Retail,5,438.57,285.04,0.00
100977,2024-12-09,22,38,Partner,6,2714.89,1820.57,479.10
100978,2025-07-08,39,7,Online,7,3438.42,2406.86,382.05
100978,2026-02-04,16,36,Retail,8,2284.33,1418.69,120.23
100978,2024-02-06,33,5,Partner,9,3959.58,2573.68,0.00
100979,2024-09-04,10,34,Online,10,1378.24,989.09,243.22
100979,2025-04-03,27,3,Retail,11,4315.25,3212.40,479.47
100979,2025-10-31,4,32,Partner,12,1053.57,698.68,55.45
100980,2026-05-30,21,1,Online,1,401.51,220.84,0.00
100980,2024-05-31,38,30,Retail,2,902.33,647.55,159.23
100980,2024-12-28,15,59,Partner,3,1018.88,645.32,113.21
100981,2025-07-27,32,28,Online,4,1728.73,1146.42,90.99
100981,2026-02-23,9,57,Retail,5,911.15,537.61,0.00
100981,2024-02-25,26,26,Partner,6,1805.83,1380.93,318.68
100982,2024-09-23,3,55,Online,7,408.38,276.83,45.38
100982,2025-04-22,20,24,Retail,8,2520.58,1777.67,132.66
100982,2025-11-19,37,53,Partner,9,7504.58,4427.78,0.00
100983,2026-06-18,14,22,Online,10,2015.22,1303.96,355.63
100983,2024-06-19,31,51,Retail,11,3708.18,2513.38,412.02
100983,2025-01-16,8,20,Partner,12,1294.01,776.41,68.11
100984,2025-08-15,25,49,Online,1,426.73,268.85,0.00
100984,2026-03-14,2,18,Retail,2,105.91,73.51,18.69
100984,2024-03-15,19,47,Partner,3,719.88,519.93,79.99
100985,2024-10-12,36,16,Online,4,2029.68,1217.80,106.82
100985,2025-05-11,13,45,Retail,5,1129.17,756.57,0.00
100985,2025-12-08,30,14,Partner,6,4179.30,2900.93,737.52
100986,2026-07-07,7,43,Online,7,828.65,506.35,92.07
100986,2024-07-08,24,12,Retail,8,2254.24,1447.46,118.64
100986,2025-02-04,1,41,Partner,9,348.51,198.60,0.00
100987,2025-09-03,18,10,Online,10,2691.63,1994.97,474.99
100987,2026-04-02,35,39,Retail,11,6311.56,3856.99,701.28
100987,2024-04-03,12,8,Partner,12,2024.28,1385.04,106.54
100988,2024-10-31,29,37,Online,1,438.17,249.75,0.00
100988,2025-05-30,6,6,Retail,2,201.32,158.68,35.53
100988,2025-12-27,23,35,Partner,3,1734.15,1136.80,192.68
100989,2026-07-26,40,4,Online,4,93.58,64.03,4.93
100989,2024-07-27,17,33,Retail,5,1086.52,662.75,0.00
100989,2025-02-23,34,2,Partner,6,2724.73,2147.73,480.83
100990,2025-09-22,11,31,Online,7,1291.51,904.01,143.50
100990,2026-04-21,28,60,Retail,8,3944.13,2283.44,207.59
100990,2024-04-22,5,29,Partner,9,782.31,508.45,0.00
100991,2024-11-19,22,58,Online,10,3763.80,2523.96,664.20
100991,2025-06-18,39,27,Retail,11,5362.34,3753.58,595.82
100991,2026-01-15,16,56,Partner,12,2721.98,1690.49,143.26
100992,2024-01-17,33,25,Online,1,348.65,226.62,0.00
100992,2024-08-15,10,54,Retail,2,273.29,196.12,48.23
100992,2025-03-14,27,23,Partner,3,1167.64,869.23,129.74
100993,2025-10-11,4,52,Online,4,348.64,231.21,18.35
100993,2026-05-10,21,21,Retail,5,1994.03,1096.75,0.00
100993,2024-05-11,38,50,Partner,6,2682.82,1925.32,473.44
100994,2024-12-08,15,19,Online,7,2357.98,1493.45,262.00
100994,2025-07-07,32,48,Retail,8,3431.48,2275.61,180.60
100994,2026-02-03,9,17,Partner,9,1628.65,960.97,0.00
100995,2024-02-05,26,46,Online,10,2981.63,2280.07,526.17
100995,2024-09-03,3,15,Retail,11,636.29,431.32,70.70
100995,2025-04-02,20,44,Partner,12,3751.39,2645.72,197.44
100996,2025-10-30,37,13,Online,1,636.80,375.72,0.00
100996,2026-05-29,14,42,Retail,2,470.99,304.76,83.12
100996,2024-05-30,31,11,Partner,3,1179.26,799.29,131.03
100997,2024-12-27,8,40,Online,4,828.95,497.37,43.63
100997,2025-07-26,25,9,Retail,5,1800.08,1134.08,0.00
100997,2026-02-22,2,38,Partner,6,315.53,219.01,55.68
100998,2024-02-24,19,7,Online,7,1664.19,1201.95,184.91
100998,2024-09-22,36,36,Retail,8,4025.15,2415.09,211.85
100998,2025-04-21,13,5,Partner,9,2016.78,1351.30,0.00
100999,2025-11-18,30,34,Online,10,5800.24,4026.05,1023.57
100999,2026-06-17,7,3,Retail,11,1293.50,790.41,143.72
100999,2024-06-18,24,32,Partner,12,3351.67,2152.12,176.40
101000,2025-01-15,1,1,Online,1,30.73,17.51,0.00
101000,2025-08-14,18,30,Retail,2,534.34,396.04,94.30
101000,2026-03-13,35,59,Partner,3,1709.51,1044.68,189.95
101001,2024-03-14,12,28,Online,4,668.58,457.45,35.19
101001,2024-10-11,29,57,Retail,5,2172.52,1238.31,0.00
101001,2025-05-10,6,26,Partner,6,599.31,472.40,105.76
101002,2025-12-07,23,55,Online,7,4017.60,2633.69,446.40
101002,2026-07-06,40,24,Retail,8,185.92,127.21,9.79
101002,2024-07-07,17,53,Partner,9,1938.70,1182.57,0.00
101003,2025-02-03,34,22,Online,10,4505.00,3551.00,795.00
101003,2025-09-02,11,51,Retail,11,2014.58,1410.14,223.84
101003,2026-04-01,28,20,Partner,12,5875.81,3401.78,309.25
101004,2024-04-02,5,49,Online,1,86.13,55.98,0.00
101004,2024-10-30,22,18,Retail,2,574.24,385.08,101.34
101004,2025-05-29,39,47,Partner,3,1707.42,1195.17,189.71
101005,2025-12-26,16,16,Online,4,1745.54,1084.07,91.87
101005,2026-07-25,33,45,Retail,5,2661.76,1730.11,0.00
101005,2024-07-26,10,14,Partner,6,690.86,495.80,121.92
101006,2025-02-22,27,43,Online,7,2702.94,2012.15,300.33
101006,2025-09-21,4,12,Retail,8,692.19,459.03,36.43
101006,2026-04-20,21,41,Partner,9,3564.91,1960.76,0.00
101007,2024-04-21,38,10,Online,10,4431.08,3179.95,781.96
101007,2024-11-18,15,39,Retail,11,3082.18,1952.13,342.46
101007,2025-06-17,32,8,Partner,12,5108.25,3387.58,268.86
101008,2026-01-14,9,37,Online,1,143.75,84.82,0.00
101008,2024-01-16,26,6,Retail,2,472.57,361.38,83.39
101008,2024-08-14,3,35,Partner,3,172.05,116.63,19.12
101009,2025-03-13,20,4,Online,4,1240.64,874.98,65.30
101009,2025-10-10,37,33,Retail,5,3160.89,1864.96,0.00
101009,2026-05-09,14,2,Partner,6,1403.46,908.12,247.67
101010,2024-05-10,31,31,Online,7,2727.02,1848.35,303.00
101010,2024-12-07,8,60,Retail,8,1644.36,986.62,86.55
101010,2025-07-06,25,29,Partner,9,3215.79,2026.00,0.00
101011,2026-02-02,2,58,Online,10,522.21,362.48,92.16
101011,2024-02-04,19,27,Retail,11,2590.74,1871.15,287.86
101011,2024-09-02,36,56,Partner,12,5986.42,3591.86,315.08
101012,2025-04-01,13,25,Online,1,222.34,148.97,0.00
101012,2025-10-29,30,54,Retail,2,885.92,614.93,156.34
101012,2026-05-28,7,23,Partner,3,412.25,251.91,45.81
101013,2024-05-29,24,52,Online,4,1302.74,836.49,68.57
101013,2024-12-26,1,21,Retail,5,295.28,168.27,0.00
101013,2025-07-25,18,50,Partner,6,1352.39,1002.36,238.66
101014,2026-02-21,35,19,Online,7,3961.25,2420.72,440.14
101014,2024-02-23,12,48,Retail,8,1324.78,906.43,69.73
101014,2024-09-21,29,17,Partner,9,3877.57,2210.17,0.00
101015,2025-04-20,6,46,Online,10,991.12,781.24,174.90
101015,2025-11-17,23,15,Retail,11,5257.19,3446.29,584.13
101015,2026-06-16,40,44,Partner,12,277.02,189.54,14.58
101016,2024-06-17,17,13,Online,1,213.52,130.24,0.00
101016,2025-01-14,34,42,Retail,2,715.01,563.59,126.18
101016,2025-08-13,11,11,Partner,3,545.36,381.73,60.60
101017,2026-03-12,28,40,Online,4,1945.14,1126.13,102.38
101017,2024-03-13,5,9,Retail,5,426.72,277.34,0.00
101017,2024-10-10,22,38,Partner,6,1708.33,1145.58,301.47
101018,2025-05-09,39,7,Online,7,3953.37,2767.31,439.26
101018,2025-12-06,16,36,Retail,8,3466.27,2152.73,182.44
101018,2026-07-05,33,5,Partner,9,4759.49,3093.61,0.00
101019,2024-07-06,10,34,Online,10,1141.41,819.13,201.43
101019,2025-02-02,27,3,Retail,11,4213.59,3136.72,468.18
101019,2025-09-01,4,32,Partner,12,1030.65,683.48,54.24
101020,2026-03-31,21,1,Online,1,393.40,216.37,0.00
101020,2024-04-01,38,30,Retail,2,878.16,630.21,154.97
101020,2024-10-29,15,59,Partner,3,641.25,406.14,71.25
101021,2025-05-28,32,28,Online,4,1987.95,1318.33,104.63
101021,2025-12-25,9,57,Retail,5,1382.79,815.90,0.00
101021,2026-07-24,26,26,Partner,6,2165.00,1655.59,382.06
101022,2024-07-25,3,55,Online,7,338.28,229.31,37.59
101022,2025-02-21,20,24,Retail,8,2461.64,1736.10,129.56
101022,2025-09-20,37,53,Partner,9,5648.02,3332.39,0.00
101023,2026-04-19,14,22,Online,10,2323.23,1503.27,409.98
101023,2024-04-20,31,51,Retail,11,4246.69,2878.37,471.85
101023,2024-11-17,8,20,Partner,12,2051.69,1231.01,107.98
101024,2025-06-16,25,49,Online,1,354.60,223.41,0.00
101024,2026-01-13,2,18,Retail,2,82.97,57.59,14.64
101024,2024-01-15,19,47,Partner,3,559.93,404.40,62.21
101025,2024-08-13,36,16,Online,4,1978.38,1187.02,104.12
101025,2025-03-12,13,45,Retail,5,1102.96,739.01,0.00
101025,2025-10-09,30,14,Partner,6,2638.46,1831.40,465.61
101026,2026-05-08,7,43,Online,7,955.43,583.82,106.16
101026,2024-05-09,24,12,Retail,8,2582.19,1658.04,135.90
101026,2024-12-06,1,41,Partner,9,527.17,300.41,0.00
101027,2025-07-05,18,10,Online,10,2237.04,1658.04,394.77
101027,2026-02-01,35,39,Retail,11,6181.46,3777.49,686.83
101027,2024-02-03,12,8,Partner,12,1968.62,1346.95,103.61
101028,2024-09-01,29,37,Online,1,427.18,243.49,0.00
101028,2025-03-31,6,6,Retail,2,196.68,155.03,34.71
101028,2025-10-28,23,35,Partner,3,1094.96,717.79,121.66
101029,2026-05-27,40,4,Online,4,107.91,73.83,5.68
101029,2024-05-28,17,33,Retail,5,1244.86,759.34,0.00
101029,2024-12-25,34,2,Partner,6,4122.29,3249.33,727.46
101030,2025-07-24,11,31,Online,7,1073.56,751.45,119.28
101030,2026-02-20,28,60,Retail,8,3863.36,2236.68,203.33
101030,2024-02-22,5,29,Partner,9,760.98,494.59,0.00
101031,2024-09-20,22,58,Online,10,2823.20,1893.21,498.21
101031,2025-04-19,39,27,Retail,11,6164.33,4314.96,684.93
101031,2025-11-16,16,56,Partner,12,4329.57,2688.89,227.87
101032,2026-06-15,33,25,Online,1,525.31,341.45,0.00
101032,2024-06-16,10,54,Retail,2,226.28,162.39,39.93
101032,2025-01-13,27,23,Partner,3,911.94,678.87,101.33
101033,2025-08-12,4,52,Online,4,341.00,226.14,17.95
101033,2026-03-11,21,21,Retail,5,1953.46,1074.44,0.00
101033,2024-03-12,38,50,Partner,6,2610.31,1873.28,460.64
101034,2024-10-09,15,19,Online,7,1483.73,939.73,164.86
101034,2025-05-08,32,48,Retail,8,3945.35,2616.39,207.65
101034,2025-12-05,9,17,Partner,9,2471.32,1458.17,0.00
101035,2026-07-04,26,46,Online,10,3584.47,2741.07,632.55
101035,2024-07-05,3,15,Retail,11,526.95,357.20,58.55
101035,2025-02-01,20,44,Partner,12,3662.98,2583.37,192.79
101036,2025-08-31,37,13,Online,1,622.94,367.54,0.00
101036,2026-03-30,14,42,Retail,2,461.47,298.60,81.44
101036,2024-03-31,31,11,Partner,3,1147.65,777.87,127.52
101037,2024-10-28,8,40,Online,4,521.71,313.02,27.46
101037,2025-05-27,25,9,Retail,5,2069.99,1304.12,0.00
101037,2025-12-24,2,38,Partner,6,478.85,332.38,84.50
101038,2026-07-23,19,7,Online,7,1995.46,1441.21,221.72
101038,2024-07-24,36,36,Retail,8,3334.17,2000.50,175.48
101038,2025-02-20,13,5,Partner,9,1969.60,1319.69,0.00
101039,2025-09-19,30,34,Online,10,4365.29,3030.02,770.34
101039,2026-04-18,7,3,Retail,11,1491.20,911.21,165.69
101039,2024-04-19,24,32,Partner,12,3838.36,2464.63,202.02
101040,2024-11-16,1,1,Online,1,48.72,27.76,0.00
101040,2025-06-15,18,30,Retail,2,444.02,329.10,78.36
101040,2026-01-12,35,59,Partner,3,1339.22,818.40,148.80
101041,2024-01-14,12,28,Online,4,520.02,355.80,27.37
101041,2024-08-12,29,57,Retail,5,2117.59,1207.00,0.00
101041,2025-03-11,6,26,Partner,6,585.39,461.43,103.30
101042,2025-10-08,23,55,Online,7,2536.35,1662.68,281.82
101042,2026-05-07,40,24,Retail,8,214.36,146.67,11.28
101042,2024-05-08,17,53,Partner,9,2220.72,1354.59,0.00
101043,2024-12-05,34,22,Online,10,6814.34,5371.31,1202.53
101043,2025-07-04,11,51,Retail,11,1674.33,1171.97,186.04
101043,2026-01-31,28,20,Partner,12,4603.72,2665.31,242.30
101044,2024-02-02,5,49,Online,1,83.76,54.44,0.00
101044,2024-08-31,22,18,Retail,2,559.84,375.42,98.80
101044,2025-03-30,39,47,Partner,3,1668.06,1167.62,185.34
101045,2025-10-27,16,16,Online,4,1102.14,684.49,58.01
101045,2026-05-26,33,45,Retail,5,3069.37,1995.05,0.00
101045,2024-05-27,10,14,Partner,6,791.54,568.05,139.68
101046,2024-12-24,27,43,Online,7,4089.28,3044.18,454.36
101046,2025-07-23,4,12,Retail,8,575.38,381.57,30.28
101046,2026-02-19,21,41,Partner,9,3491.88,1920.60,0.00
101047,2024-02-21,38,10,Online,10,4310.23,3093.22,760.63
101047,2024-09-19,15,39,Retail,11,2311.91,1464.27,256.88
101047,2025-04-18,32,8,Partner,12,5872.18,3894.18,309.06
101048,2025-11-15,9,37,Online,1,228.65,134.91,0.00
101048,2026-06-14,26,6,Retail,2,712.12,544.56,125.67
101048,2024-06-15,3,35,Partner,3,142.45,96.56,15.83
101049,2025-01-12,20,4,Online,4,968.94,683.36,51.00
101049,2025-08-11,37,33,Retail,5,3091.59,1824.07,0.00
101049,2026-03-10,14,2,Partner,6,1374.90,889.64,242.63
101050,2024-03-11,31,31,Online,7,2653.28,1798.37,294.81
101050,2024-10-08,8,60,Retail,8,1034.68,620.81,54.46
101050,2025-05-07,25,29,Partner,9,3697.33,2329.37,0.00
101051,2025-12-04,2,58,Online,10,792.40,550.02,139.84
101051,2026-07-03,19,27,Retail,11,3114.98,2249.78,346.11
101051,2024-07-04,36,56,Partner,12,4957.65,2974.59,260.93
101052,2025-01-31,13,25,Online,1,173.68,116.37,0.00
101052,2025-08-30,30,54,Retail,2,866.63,601.54,152.93
101052,2026-03-29,7,23,Partner,3,403.91,246.81,44.88
101053,2024-03-30,24,52,Online,4,1267.81,814.07,66.73
101053,2024-10-27,1,21,Retail,5,185.84,105.90,0.00
101053,2025-05-26,18,50,Partner,6,1555.16,1152.65,274.44
101054,2025-12-23,35,19,Online,7,6011.62,3673.70,667.96
101054,2026-07-22,12,48,Retail,8,1588.71,1087.01,83.62
101054,2024-07-23,29,17,Partner,9,3211.89,1830.73,0.00
101055,2025-02-19,6,46,Online,10,967.93,762.95,170.81
101055,2025-09-18,23,15,Retail,11,3956.55,2593.67,439.62
101055,2026-04-17,40,44,Partner,12,319.36,218.51,16.81
101056,2024-04-18,17,13,Online,1,244.52,149.15,0.00
101056,2024-11-15,34,42,Retail,2,1133.64,893.57,200.05
101056,2025-06-14,11,11,Partner,3,453.17,317.21,50.35
101057,2026-01-11,28,40,Online,4,1523.80,882.20,80.20
101057,2024-01-13,5,9,Retail,5,331.90,215.71,0.00
101057,2024-08-11,22,38,Partner,6,1665.11,1116.61,293.84
101058,2025-03-10,39,7,Online,7,3861.53,2703.03,429.06
101058,2025-10-07,16,36,Retail,8,2188.27,1359.03,115.17
101058,2026-05-06,33,5,Partner,9,5487.60,3566.87,0.00
101059,2024-05-07,10,34,Online,10,1307.43,938.28,230.72
101059,2024-12-04,27,3,Retail,11,6373.49,4744.61,708.17
101059,2025-07-03,4,32,Partner,12,856.57,568.04,45.08
101060,2026-01-30,21,1,Online,1,308.23,169.53,0.00
101060,2024-02-01,38,30,Retail,2,853.99,612.86,150.70
101060,2024-08-30,15,59,Partner,3,625.16,395.95,69.46
101061,2025-03-29,32,28,Online,4,1942.11,1287.93,102.22
101061,2025-10-26,9,57,Retail,5,873.09,515.16,0.00
101061,2026-05-25,26,26,Partner,6,2496.52,1909.11,440.56
101062,2024-05-26,3,55,Online,7,387.57,262.72,43.06
101062,2024-12-23,20,24,Retail,8,3724.18,2626.53,196.01
101062,2025-07-22,37,53,Partner,9,4694.80,2769.98,0.00
101063,2026-02-18,14,22,Online,10,2275.62,1472.46,401.58
101063,2024-02-20,31,51,Retail,11,4130.81,2799.83,458.98
101063,2024-09-18,8,20,Partner,12,1538.93,923.36,81.00
101064,2025-04-17,25,49,Online,1,407.63,256.81,0.00
101064,2025-11-14,2,18,Retail,2,131.97,91.60,23.29
101064,2026-06-13,19,47,Partner,3,843.88,609.49,93.76
101065,2024-06-14,36,16,Online,4,1638.01,982.81,86.21
101065,2025-01-11,13,45,Retail,5,861.40,577.16,0.00
101065,2025-08-10,30,14,Partner,6,2580.60,1791.24,455.40
101066,2026-03-09,7,43,Online,7,935.97,571.94,104.00
101066,2024-03-10,24,12,Retail,8,2512.33,1613.18,132.23
